233.0496,-11.8510,-321.5660,0.000361
231.5631,-11.8476,-321.9806,0.000721
230.0883,-11.8441,-322.3922,0.001078
228.6308,-11.8403,-322.8000,0.001431
227.1929,-11.8362,-323.2036,0.001779
225.7734,-11.8317,-323.6037,0.002123
224.3683,-11.8269,-324.0018,0.002464
222.9722,-11.8216,-324.3995,0.002802
221.5802,-11.8160,-324.7982,0.003140
220.1885,-11.8099,-325.1989,0.003478
218.7946,-11.8035,-325.6020,0.003816
217.3978,-11.7968,-326.0078,0.004155
215.9982,-11.7899,-326.4161,0.004495
214.5962,-11.7827,-326.8265,0.004836
213.1926,-11.7753,-327.2387,0.005177
211.7879,-11.7677,-327.6526,0.005519
210.3826,-11.7598,-328.0677,0.005860
208.9769,-11.7516,-328.4840,0.006202
207.5710,-11.7429,-328.9013,0.006544
206.1649,-11.7336,-329.3196,0.006887
204.7588,-11.7238,-329.7388,0.007229
203.3526,-11.7133,-330.1588,0.007571
201.9463,-11.7022,-330.5794,0.007913
200.5399,-11.6906,-331.0007,0.008256
199.1334,-11.6785,-331.4227,0.008598
194.8263,-11.6380,-332.7183,0.009647
193.3613,-11.6221,-333.1600,0.010004
191.8960,-11.6060,-333.6017,0.010361
190.4306,-11.5893,-334.0438,0.010718
188.9650,-11.5721,-334.4854,0.011075
187.4992,-11.5537,-334.9271,0.011432
186.0332,-11.5349,-335.3687,0.011789
184.5670,-11.5147,-335.8101,0.012146
183.1006,-11.4930,-336.2514,0.012504
181.6342,-11.4700,-336.6925,0.012861
180.1675,-11.4454,-337.1336,0.013218
178.7008,-11.4203,-337.5747,0.013575
177.2341,-11.3954,-338.0158,0.013932
175.7671,-11.3703,-338.4567,0.014290
174.3002,-11.3453,-338.8975,0.014647
172.8332,-11.3205,-339.3384,0.015004
171.3660,-11.2953,-339.7790,0.015362
169.8988,-11.2698,-340.2199,0.015719
168.4314,-11.2439,-340.6603,0.016076
166.9639,-11.2178,-341.1003,0.016434
165.4962,-11.1914,-341.5399,0.016791
164.0284,-11.1650,-341.9791,0.017148
162.5603,-11.1378,-342.4180,0.017506
161.0923,-11.1095,-342.8564,0.017863
159.6240,-11.0793,-343.2940,0.018221
158.1556,-11.0478,-343.7311,0.018578
156.6870,-11.0145,-344.1673,0.018935
155.2183,-10.9803,-344.6027,0.019293
153.7495,-10.9453,-345.0372,0.019650
152.2805,-10.9095,-345.4709,0.020007
150.8114,-10.8731,-345.9036,0.020365
149.3422,-10.8356,-346.3354,0.020722
147.8728,-10.7977,-346.7665,0.021079
146.4034,-10.7589,-347.1968,0.021436
144.9340,-10.7193,-347.6264,0.021794
143.4647,-10.6785,-348.0554,0.022151
141.9954,-10.6360,-348.4836,0.022508
140.5262,-10.5925,-348.9111,0.022865
139.0573,-10.5487,-349.3385,0.023222
137.5886,-10.5037,-349.7659,0.023579
136.1202,-10.4581,-350.1938,0.023935
134.6522,-10.4116,-350.6216,0.024292
133.1846,-10.3651,-351.0500,0.024649
131.7176,-10.3185,-351.4790,0.025006
130.2509,-10.2705,-351.9086,0.025362
128.7847,-10.2215,-352.3384,0.025719
127.3190,-10.1730,-352.7687,0.026075
125.8536,-10.1250,-353.1993,0.026431
124.3886,-10.0777,-353.6304,0.026788
122.9240,-10.0320,-354.0619,0.027144
121.4596,-9.9866,-354.4935,0.027500
119.9957,-9.9400,-354.9253,0.027856
118.5321,-9.8919,-355.3571,0.028212
117.0691,-9.8411,-355.7894,0.028568
115.6065,-9.7883,-356.2217,0.028924
114.1443,-9.7346,-356.6540,0.029280
112.6825,-9.6801,-357.0858,0.029636
111.2211,-9.6244,-357.5172,0.029991
109.7601,-9.5673,-357.9484,0.030347
108.2993,-9.5100,-358.3789,0.030702
106.8392,-9.4526,-358.8090,0.031058
105.3798,-9.3955,-359.2384,0.031413
103.9216,-9.3373,-359.6670,0.031767
102.4647,-9.2778,-360.0949,0.032122
101.0093,-9.2172,-360.5223,0.032476
99.5556,-9.1558,-360.9496,0.032830
98.1039,-9.0933,-361.3769,0.033183
96.6543,-9.0299,-361.8044,0.033536
95.2067,-8.9646,-362.2324,0.033888
93.7617,-8.8982,-362.6612,0.034240
92.3201,-8.8306,-363.0903,0.034591
90.8036,-8.7581,-363.5437,0.034960
89.2936,-8.6852,-363.9965,0.035329
87.7904,-8.6125,-364.4494,0.035695
86.2940,-8.5386,-364.9022,0.036060
84.8043,-8.4631,-365.3551,0.036424
83.3213,-8.3869,-365.8078,0.036786
81.8451,-8.3096,-366.2606,0.037146
80.3753,-8.2326,-366.7129,0.037505
78.9123,-8.1546,-367.1652,0.037863
77.4560,-8.0754,-367.6169,0.038219
76.0062,-7.9958,-368.0692,0.038574
74.5632,-7.9140,-368.5209,0.038927
73.1266,-7.8341,-368.9726,0.039279
71.6214,-7.7499,-369.4478,0.039647
70.1235,-7.6633,-369.9223,0.040014
68.6326,-7.5769,-370.3960,0.040380
67.1486,-7.4890,-370.8684,0.040743
65.6715,-7.4009,-371.3396,0.041106
64.2012,-7.3124,-371.8091,0.041466
62.7374,-7.2229,-372.2762,0.041825
61.2799,-7.1327,-372.7409,0.042182
59.8293,-7.0407,-373.2032,0.042538
58.3850,-6.9480,-373.6631,0.042892
56.9474,-6.8526,-374.1206,0.043245
55.5161,-6.7578,-374.5759,0.043596
54.0202,-6.6592,-375.0515,0.043963
52.5313,-6.5612,-375.5247,0.044328
51.0495,-6.4629,-375.9955,0.044691
49.5744,-6.3656,-376.4634,0.045053
48.1063,-6.2683,-376.9285,0.045413
46.6450,-6.1705,-377.3909,0.045771
45.1906,-6.0727,-377.8507,0.046127
43.7430,-5.9734,-378.3070,0.046482
42.3020,-5.8734,-378.7600,0.046835
40.8679,-5.7736,-379.2090,0.047186
39.3733,-5.6671,-379.6756,0.047552
37.8868,-5.5611,-380.1379,0.047916
36.4096,-5.4538,-380.5961,0.048278
34.9419,-5.3481,-381.0496,0.048637
33.4837,-5.2439,-381.4981,0.048994
32.0352,-5.1407,-381.9424,0.049348
30.5947,-5.0368,-382.3823,0.049700
29.0966,-4.9280,-382.8387,0.050066
27.6004,-4.8177,-383.2937,0.050432
26.1033,-4.7043,-383.7475,0.050797
24.6189,-4.5914,-384.1966,0.051160
23.1472,-4.4768,-384.6409,0.051520
21.6881,-4.3629,-385.0809,0.051876
20.2414,-4.2511,-385.5174,0.052229
18.7453,-4.1327,-385.9677,0.052595
17.2627,-4.0199,-386.4142,0.052957
15.7941,-3.9045,-386.8556,0.053316
14.3387,-3.7916,-387.2914,0.053671
12.8967,-3.6805,-387.7217,0.054023
11.4094,-3.5640,-388.1656,0.054386
9.9371,-3.4516,-388.6055,0.054745
8.4795,-3.3363,-389.0406,0.055101
7.0367,-3.2223,-389.4714,0.055453
5.5522,-3.1040,-389.9161,0.055815
4.0833,-2.9872,-390.3563,0.056174
2.6303,-2.8668,-390.7908,0.056529
1.1920,-2.7552,-391.2213,0.056880
-0.2854,-2.6300,-391.6606,0.057241
-1.7471,-2.5160,-392.0959,0.057597
-3.1922,-2.3945,-392.5252,0.057950
-4.6736,-2.2749,-392.9670,0.058312
-6.1374,-2.1522,-393.4044,0.058669
-7.5843,-2.0287,-393.8357,0.059022
-9.0659,-1.9044,-394.2785,0.059384
-10.5307,-1.7771,-394.7147,0.059742
-11.9813,-1.6537,-395.1462,0.060096
-13.4693,-1.5242,-395.5855,0.060459
-14.9443,-1.3961,-396.0192,0.060819
-16.4065,-1.2682,-396.4467,0.061176
-17.8559,-1.1412,-396.8680,0.061529
-19.3408,-1.0102,-397.2957,0.061890
-20.8126,-0.8811,-397.7159,0.062249
-22.2718,-0.7519,-398.1269,0.062604
-23.7193,-0.6273,-398.5280,0.062955
-25.2012,-0.4962,-398.9286,0.063314
-26.6714,-0.3698,-399.3157,0.063670
-28.1304,-0.2422,-399.6855,0.064022
-29.6243,-0.1144,-400.0463,0.064382
-31.1079,0.0122,-400.3831,0.064738
-32.5815,0.1353,-400.6933,0.065091
-34.0896,0.2612,-400.9828,0.065450
-35.5873,0.3841,-401.2396,0.065805
-37.0745,0.5049,-401.4625,0.066157
-38.5938,0.6268,-401.6564,0.066516
-40.1009,0.7471,-401.8134,0.066870
-41.6376,0.8685,-401.9370,0.067231
-43.1600,0.9882,-402.0216,0.067587
-44.6674,1.1052,-402.0691,0.067940
-46.2005,1.2214,-402.0795,0.068299
-47.7165,1.3342,-402.0514,0.068653
-49.2551,1.4455,-401.9839,0.069014
-50.7742,1.5534,-401.8761,0.069370
-52.2728,1.6582,-401.7273,0.069722
-53.7890,1.7615,-401.5333,0.070079
-55.2819,1.8642,-401.2986,0.070432
-56.7879,1.9669,-401.0165,0.070790
-58.2671,2.0707,-400.6924,0.071144
-59.7542,2.1796,-400.3189,0.071503
-61.2106,2.2885,-399.9042,0.071857
-62.6691,2.3997,-399.4355,0.072215
-64.0925,2.5128,-398.9256,0.072569
-65.5095,2.6379,-398.3616,0.072926
-66.8864,2.7618,-397.7563,0.073278
-68.2553,2.9002,-397.1031,0.073633
-69.5887,3.0333,-396.4107,0.073985
-70.9007,3.1610,-395.6761,0.074337
-72.1994,3.3098,-394.9089,0.074690
-73.4941,3.4491,-394.0877,0.075049
-74.7617,3.5924,-393.2341,0.075407
-76.0074,3.7288,-392.3502,0.075765
-77.2352,3.8586,-391.4373,0.076123
-78.4499,3.9829,-390.4973,0.076482
-79.6224,4.1000,-389.5560,0.076834
-80.7841,4.2125,-388.5901,0.077187
-81.9359,4.3204,-387.5997,0.077542
-83.0778,4.4249,-386.5867,0.077899
-84.2090,4.5257,-385.5528,0.078257
-85.3261,4.6243,-384.5009,0.078616
-86.4255,4.7198,-383.4344,0.078974
-87.5041,4.8102,-382.3560,0.079330
-88.5588,4.8963,-381.2685,0.079684
-89.5869,4.9786,-380.1762,0.080035
-90.6217,5.0585,-379.0440,0.080393
-91.6255,5.1341,-377.9132,0.080746
-92.6327,5.2080,-376.7462,0.081106
-93.6064,5.2777,-375.5872,0.081459
-94.5821,5.3460,-374.3961,0.081819
-95.5229,5.4110,-373.2196,0.082170
-96.4655,5.4728,-372.0154,0.082527
-97.4087,5.5345,-370.7835,0.082889
-98.3174,5.5908,-369.5739,0.083242
-99.2274,5.6480,-368.3401,0.083600
-100.1399,5.7049,-367.0843,0.083963
-101.0185,5.7597,-365.8591,0.084314
-101.8982,5.8158,-364.6141,0.084670
-102.7793,5.8716,-363.3510,0.085030
-103.6639,5.9232,-362.0713,0.085393
-104.5149,5.9720,-360.8301,0.085744
-105.3701,6.0192,-359.5756,0.086098
-106.2298,6.0650,-358.3087,0.086455
-107.0952,6.1119,-357.0314,0.086815
-107.9661,6.1585,-355.7465,0.087177
-108.8421,6.2042,-354.4550,0.087541
-109.7232,6.2484,-353.1580,0.087907
-110.5708,6.2894,-351.9124,0.088259
-111.4229,6.3286,-350.6625,0.088612
-112.2798,6.3646,-349.4099,0.088966
-113.1409,6.3987,-348.1568,0.089320
-114.0044,6.4308,-346.9047,0.089675
-114.8679,6.4605,-345.6559,0.090029
-115.7291,6.4881,-344.4102,0.090383
-116.5877,6.5132,-343.1707,0.090734
-117.4441,6.5364,-341.9389,0.091084
-118.3380,6.5609,-340.6598,0.091448
-119.2302,6.5828,-339.3893,0.091810
-120.1203,6.6043,-338.1271,0.092171
-121.0083,6.6257,-336.8733,0.092529
-121.8936,6.6470,-335.6272,0.092886
-122.7757,6.6672,-334.3884,0.093240
-123.6547,6.6873,-333.1568,0.093593
-124.5301,6.7055,-331.9320,0.093944
-125.4387,6.7252,-330.6606,0.094309
-126.3428,6.7422,-329.3958,0.094671
-127.2416,6.7592,-328.1372,0.095032
-128.1355,6.7744,-326.8849,0.095391
-129.0244,6.7881,-325.6389,0.095748
-129.9077,6.8016,-324.3984,0.096103
-130.7863,6.8127,-323.1640,0.096456
-131.6595,6.8241,-321.9352,0.096808
-132.5636,6.8339,-320.6613,0.097172
-133.4624,6.8444,-319.3935,0.097535
-134.3559,6.8537,-318.1320,0.097895
-135.2443,6.8638,-316.8767,0.098254
-136.1276,6.8747,-315.6277,0.098611
-137.0062,6.8852,-314.3851,0.098966
-137.8804,6.8981,-313.1490,0.099319
-138.7504,6.9079,-311.9195,0.099670
-139.6502,6.9182,-310.6473,0.100034
-140.5455,6.9271,-309.3799,0.100395
-141.4377,6.9335,-308.1156,0.100756
-142.3269,6.9400,-306.8543,0.101116
-143.2132,6.9434,-305.5958,0.101475
-144.0976,6.9457,-304.3391,0.101834
-144.9805,6.9472,-303.0839,0.102192
-145.8620,6.9480,-301.8302,0.102549
-146.7417,6.9491,-300.5782,0.102906
-147.6239,6.9492,-299.3212,0.103264
-148.5076,6.9491,-298.0612,0.103623
-149.3904,6.9487,-296.8015,0.103982
-150.2727,6.9489,-295.5423,0.104340
-151.1552,6.9495,-294.2831,0.104699
-152.0377,6.9500,-293.0232,0.105058
-152.9202,6.9485,-291.7619,0.105417
-153.8033,6.9463,-290.4981,0.105776
-154.6880,6.9447,-289.2316,0.106136
-155.5747,6.9429,-287.9624,0.106498
-156.4632,6.9410,-286.6901,0.106859
-157.3535,6.9369,-285.4147,0.107222
-158.2457,6.9323,-284.1361,0.107586
-159.1057,6.9265,-282.9039,0.107936
-159.9675,6.9204,-281.6686,0.108288
-160.8310,6.9144,-280.4303,0.108640
-161.6963,6.9079,-279.1891,0.108993
-162.5634,6.9009,-277.9453,0.109346
-163.4321,6.8934,-276.6992,0.109700
-164.3026,6.8843,-275.4508,0.110055
-165.1745,6.8746,-274.2000,0.110411
-166.0481,6.8634,-272.9468,0.110767
-166.9232,6.8513,-271.6912,0.111124
-167.7999,6.8378,-270.4333,0.111482
-168.6783,6.8239,-269.1729,0.111840
-169.5584,6.8098,-267.9100,0.112199
-170.4400,6.7956,-266.6448,0.112559
-171.3229,6.7814,-265.3773,0.112919
-172.2070,6.7659,-264.1077,0.113280
-173.0923,6.7496,-262.8363,0.113641
-173.9795,6.7318,-261.5635,0.114003
-174.8684,6.7139,-260.2896,0.114365
-175.7593,6.6955,-259.0143,0.114728
-176.6520,6.6771,-257.7378,0.115092
-177.5466,6.6588,-256.4592,0.115456
-178.4065,6.6402,-255.2293,0.115806
-179.2673,6.6218,-253.9971,0.116156
-180.1286,6.6032,-252.7629,0.116507
-180.9906,6.5855,-251.5262,0.116859
-181.8540,6.5692,-250.2878,0.117211
-182.7189,6.5529,-249.0482,0.117563
-183.5855,6.5373,-247.8075,0.117916
-184.4537,6.5211,-246.5657,0.118270
-185.3236,6.5050,-245.3229,0.118624
-186.1951,6.4888,-244.0791,0.118978
-187.0678,6.4726,-242.8340,0.119332
-187.9415,6.4569,-241.5874,0.119687
-188.8159,6.4408,-240.3392,0.120043
-189.6912,6.4258,-239.0896,0.120399
-190.5672,6.4103,-237.8384,0.120755
-191.4443,6.3948,-236.5858,0.121112
-192.3225,6.3793,-235.3318,0.121469
-193.2015,6.3630,-234.0765,0.121826
-194.0815,6.3470,-232.8197,0.122184
-194.9622,6.3302,-231.5613,0.122542
-195.8433,6.3138,-230.3011,0.122901
-196.7245,6.2968,-229.0389,0.123260
-197.6054,6.2805,-227.7746,0.123619
-198.4861,6.2651,-226.5080,0.123979
-199.3665,6.2509,-225.2393,0.124339
-200.2465,6.2386,-223.9684,0.124700
-201.1262,6.2274,-222.6953,0.125061
-202.0055,6.2166,-221.4202,0.125422
-202.8845,6.2073,-220.1433,0.125783
-203.7629,6.1981,-218.8647,0.126145
-204.6408,6.1900,-217.5844,0.126507
-205.5181,6.1824,-216.3025,0.126870
-206.3952,6.1757,-215.0192,0.127232
-207.2720,6.1708,-213.7346,0.127595
-208.1487,6.1668,-212.4489,0.127958
-209.0251,6.1637,-211.1619,0.128321
-209.9017,6.1614,-209.8740,0.128684
-210.7780,6.1592,-208.5848,0.129048
-211.6538,6.1579,-207.2945,0.129411
-212.5290,6.1559,-206.0027,0.129775
-213.4035,6.1549,-204.7095,0.130139
-214.2773,6.1539,-203.4150,0.130504
-215.1505,6.1536,-202.1192,0.130868
-216.0232,6.1537,-200.8222,0.131233
-216.8951,6.1546,-199.5240,0.131597
-217.7660,6.1563,-198.2247,0.131962
-218.6361,6.1588,-196.9245,0.132327
-219.5055,6.1620,-195.6235,0.132692
-220.3741,6.1648,-194.3217,0.133057
-221.2417,6.1672,-193.0191,0.133422
-222.1086,6.1701,-191.7163,0.133787
-222.9743,6.1730,-190.4128,0.134152
-223.8388,6.1781,-189.1089,0.134517
-224.7022,6.1846,-187.8043,0.134882
-225.5642,6.1929,-186.4991,0.135246
-226.4251,6.2006,-185.1936,0.135611
-227.2848,6.2083,-183.8877,0.135976
-228.1433,6.2164,-182.5813,0.136340
-229.0008,6.2247,-181.2746,0.136705
-229.8571,6.2334,-179.9675,0.137069
-230.7125,6.2427,-178.6602,0.137434
-231.5667,6.2522,-177.3521,0.137798
-232.4192,6.2638,-176.0434,0.138162
-233.2701,6.2768,-174.7339,0.138527
-234.1196,6.2906,-173.4233,0.138891
-234.9676,6.3054,-172.1115,0.139255
-235.8141,6.3210,-170.7986,0.139619
-236.6590,6.3374,-169.4844,0.139984
-237.5026,6.3547,-168.1691,0.140348
-238.3448,6.3713,-166.8530,0.140713
-239.1855,6.3877,-165.5361,0.141077
-240.0250,6.4044,-164.2185,0.141441
-240.8634,6.4219,-162.9005,0.141806
-241.7006,6.4399,-161.5820,0.142170
-242.5365,6.4598,-160.2628,0.142534
-243.3707,6.4791,-158.9428,0.142899
-244.2030,6.4987,-157.6219,0.143263
-245.0333,6.5180,-156.3000,0.143627
-245.8617,6.5378,-154.9772,0.143991
-246.6881,6.5592,-153.6535,0.144355
-247.5126,6.5809,-152.3289,0.144719
-248.3352,6.6027,-151.0034,0.145083
-249.1556,6.6242,-149.6769,0.145446
-249.9731,6.6455,-148.3490,0.145810
-250.7870,6.6670,-147.0191,0.146174
-251.5969,6.6897,-145.6872,0.146537
-252.4027,6.7129,-144.3532,0.146901
-253.2042,6.7372,-143.0170,0.147264
-254.0021,6.7641,-141.6793,0.147628
-254.7976,6.7917,-140.3408,0.147991
-255.5916,6.8219,-139.0023,0.148354
-256.3844,6.8526,-137.6641,0.148717
-257.1763,6.8842,-136.3263,0.149079
-257.9671,6.9172,-134.9889,0.149442
-258.7569,6.9503,-133.6519,0.149804
-259.5457,6.9841,-132.3155,0.150166
-260.3329,7.0186,-130.9792,0.150528
-261.1176,7.0541,-129.6425,0.150889
-261.8996,7.0904,-128.3052,0.151251
-262.6790,7.1277,-126.9675,0.151612
-263.4561,7.1648,-125.6297,0.151973
-264.2310,7.2021,-124.2917,0.152334
-265.0037,7.2382,-122.9537,0.152694
-265.7739,7.2751,-121.6154,0.153054
-266.5415,7.3117,-120.2767,0.153414
-267.3066,7.3488,-118.9376,0.153774
-268.0694,7.3851,-117.5978,0.154134
-268.8303,7.4218,-116.2577,0.154493
-269.5897,7.4568,-114.9174,0.154853
-270.3477,7.4923,-113.5773,0.155212
-271.1045,7.5269,-112.2375,0.155571
-271.8604,7.5622,-110.8981,0.155929
-272.6149,7.5974,-109.5592,0.156288
-273.3679,7.6314,-108.2203,0.156646
-274.1192,7.6665,-106.8816,0.157004
-274.8685,7.7020,-105.5430,0.157362
-275.6159,7.7385,-104.2045,0.157720
-276.3612,7.7774,-102.8660,0.158077
-277.1047,7.8156,-101.5276,0.158434
-277.8461,7.8533,-100.1892,0.158791
-278.5854,7.8914,-98.8509,0.159148
-279.3234,7.9285,-97.5129,0.159505
-280.0598,7.9665,-96.1752,0.159861
-280.7948,8.0029,-94.8376,0.160217
-281.5285,8.0390,-93.5000,0.160573
-282.2607,8.0750,-92.1623,0.160929
-282.9915,8.1111,-90.8245,0.161284
-283.7209,8.1472,-89.4866,0.161640
-284.4486,8.1826,-88.1484,0.161995
-285.1747,8.2183,-86.8100,0.162350
-285.8989,8.2552,-85.4715,0.162705
-286.6216,8.2942,-84.1328,0.163060
-287.3424,8.3355,-82.7940,0.163415
-288.0615,8.3760,-81.4550,0.163770
-288.7785,8.4166,-80.1156,0.164124
-289.4933,8.4565,-78.7759,0.164478
-290.2059,8.4957,-77.4356,0.164832
-290.9160,8.5349,-76.0948,0.165186
-291.6236,8.5724,-74.7533,0.165540
-292.3290,8.6101,-73.4113,0.165894
-293.0321,8.6464,-72.0687,0.166247
-293.7328,8.6832,-70.7255,0.166601
-294.4311,8.7208,-69.3818,0.166954
-295.1271,8.7587,-68.0375,0.167307
-295.8213,8.7973,-66.6930,0.167660
-296.5137,8.8361,-65.3482,0.168013
-297.2045,8.8750,-64.0028,0.168366
-297.8936,8.9138,-62.6564,0.168719
-298.5812,8.9524,-61.3092,0.169072
-299.2674,8.9899,-59.9611,0.169425
-299.9525,9.0282,-58.6124,0.169778
-300.6365,9.0651,-57.2628,0.170130
-301.3195,9.1015,-55.9125,0.170484
-302.0016,9.1372,-54.5615,0.170837
-302.6828,9.1714,-53.2098,0.171190
-303.3631,9.2053,-51.8577,0.171543
-304.0427,9.2381,-50.5053,0.171896
-304.7215,9.2719,-49.1527,0.172249
-305.3994,9.3068,-47.7997,0.172602
-306.0763,9.3423,-46.4463,0.172955
-306.7520,9.3785,-45.0925,0.173308
-307.4267,9.4154,-43.7384,0.173661
-308.1007,9.4531,-42.3840,0.174014
-308.7738,9.4910,-41.0290,0.174367
-309.4463,9.5296,-39.6735,0.174720
-310.1176,9.5681,-38.3173,0.175073
-310.7881,9.6072,-36.9605,0.175426
-311.4574,9.6466,-35.6031,0.175779
-312.1259,9.6865,-34.2451,0.176132
-312.7936,9.7260,-32.8866,0.176485
-313.4609,9.7656,-31.5276,0.176838
-314.1274,9.8033,-30.1681,0.177192
-314.7939,9.8409,-28.8083,0.177545
-315.4596,9.8771,-27.4478,0.177898
-316.1247,9.9134,-26.0868,0.178252
-316.7893,9.9484,-24.7252,0.178605
-317.4531,9.9842,-23.3635,0.178959
-318.1171,10.0194,-22.0018,0.179312
-318.7807,10.0567,-20.6402,0.179665
-319.4443,10.0937,-19.2787,0.180019
-320.1081,10.1309,-17.9175,0.180372
-320.7722,10.1675,-16.5565,0.180725
-321.4363,10.2034,-15.1956,0.181079
-322.0999,10.2386,-13.8348,0.181432
-322.7636,10.2739,-12.4742,0.181785
-323.4272,10.3084,-11.1135,0.182138
-324.0909,10.3445,-9.7532,0.182491
-324.7545,10.3801,-8.3931,0.182844
-325.4186,10.4161,-7.0332,0.183197
-326.0823,10.4531,-5.6741,0.183550
-326.7461,10.4895,-4.3159,0.183903
-327.4101,10.5273,-2.9587,0.184255
-328.0737,10.5651,-1.6024,0.184607
-328.7370,10.6031,-0.2470,0.184960
-329.3999,10.6407,1.1077,0.185311
-330.0621,10.6776,2.4616,0.185663
-330.7242,10.7142,3.8146,0.186014
-331.3857,10.7508,5.1669,0.186366
-332.0471,10.7875,6.5188,0.186717
-332.7085,10.8240,7.8705,0.187068
-333.3699,10.8607,9.2219,0.187419
-334.0314,10.8985,10.5730,0.187770
-334.6936,10.9370,11.9236,0.188121
-335.3565,10.9757,13.2740,0.188472
-336.0204,11.0151,14.6240,0.188823
-336.6851,11.0539,15.9737,0.189174
-337.3510,11.0924,17.3230,0.189525
-338.0183,11.1305,18.6718,0.189876
-338.6881,11.1679,20.0196,0.190227
-339.3605,11.2055,21.3663,0.190578
-340.0348,11.2429,22.7122,0.190929
-340.7103,11.2802,24.0579,0.191280
-341.3868,11.3170,25.4034,0.191632
-342.0645,11.3538,26.7490,0.191983
-342.7433,11.3906,28.0946,0.192335
-343.4233,11.4284,29.4403,0.192687
-344.1046,11.4681,30.7859,0.193038
-344.7874,11.5092,32.1312,0.193390
-345.4715,11.5526,33.4762,0.193742
-346.1569,11.5986,34.8209,0.194095
-346.8434,11.6463,36.1655,0.194447
-347.5309,11.6955,37.5097,0.194799
-348.2197,11.7456,38.8536,0.195152
-348.9100,11.7962,40.1970,0.195504
-349.6019,11.8471,41.5399,0.195857
-350.2951,11.8970,42.8825,0.196209
-350.9893,11.9461,44.2248,0.196562
-351.6848,11.9952,45.5668,0.196914
-352.3817,12.0445,46.9083,0.197267
-353.0802,12.0944,48.2494,0.197620
-353.7802,12.1444,49.5900,0.197973
-354.4817,12.1945,50.9300,0.198326
-355.1844,12.2454,52.2696,0.198679
-355.8886,12.2960,53.6089,0.199032
-356.5940,12.3483,54.9476,0.199385
-357.3010,12.4017,56.2856,0.199738
-358.0090,12.4565,57.6232,0.200091
-358.7184,12.5134,58.9601,0.200445
-359.4294,12.5705,60.2961,0.200798
-360.1422,12.6282,61.6312,0.201151
-360.8572,12.6889,62.9651,0.201504
-361.5742,12.7503,64.2978,0.201858
-362.2931,12.8108,65.6295,0.202211
-363.0135,12.8706,66.9604,0.202564
-363.7358,12.9293,68.2903,0.202917
-364.4602,12.9865,69.6192,0.203271
-365.1872,13.0430,70.9468,0.203624
-365.9168,13.1002,72.2729,0.203977
-366.6491,13.1591,73.5974,0.204330
-367.3847,13.2200,74.9201,0.204684
-368.1237,13.2826,76.2406,0.205037
-368.8663,13.3453,77.5591,0.205390
-369.6128,13.4088,78.8751,0.205743
-370.3629,13.4731,80.1889,0.206096
-371.1164,13.5372,81.5007,0.206449
-371.8729,13.6012,82.8105,0.206802
-372.6324,13.6637,84.1186,0.207156
-373.3946,13.7260,85.4251,0.207509
-374.1591,13.7877,86.7301,0.207862
-374.9261,13.8496,88.0335,0.208215
-375.6955,13.9136,89.3353,0.208568
-376.4678,13.9798,90.6350,0.208921
-377.2423,14.0483,91.9329,0.209273
-378.0196,14.1197,93.2287,0.209626
-378.7993,14.1930,94.5224,0.209979
-379.5819,14.2694,95.8137,0.210331
-380.3671,14.3480,97.1025,0.210684
-381.1550,14.4295,98.3888,0.211036
-381.9454,14.5130,99.6728,0.211388
-382.7383,14.5976,100.9543,0.211740
-383.5334,14.6818,102.2336,0.212092
-384.3305,14.7673,103.5107,0.212444
-385.1293,14.8519,104.7859,0.212795
-385.9297,14.9375,106.0592,0.213147
-386.7317,15.0249,107.3304,0.213498
-387.5350,15.1128,108.5997,0.213849
-388.3396,15.2013,109.8672,0.214200
-389.1455,15.2891,111.1330,0.214550
-389.9865,15.3792,112.4498,0.214915
-390.8291,15.4687,113.7644,0.215280
-391.6741,15.5585,115.0765,0.215644
-392.5216,15.6516,116.3856,0.216009
-393.3718,15.7471,117.6916,0.216373
-394.2247,15.8449,118.9943,0.216737
-395.0803,15.9437,120.2940,0.217100
-395.9386,16.0431,121.5906,0.217464
-396.7995,16.1408,122.8842,0.217827
-397.6636,16.2375,124.1746,0.218190
-398.5305,16.3324,125.4619,0.218552
-399.4002,16.4266,126.7463,0.218915
-400.2724,16.5213,128.0276,0.219277
-401.1470,16.6171,129.3061,0.219639
-402.0238,16.7134,130.5818,0.220001
-402.9028,16.8111,131.8546,0.220362
-403.7839,16.9094,133.1245,0.220723
-404.6672,17.0103,134.3912,0.221084
-405.5529,17.1123,135.6549,0.221445
-406.4411,17.2154,136.9151,0.221805
-407.3321,17.3193,138.1716,0.222165
-408.2259,17.4253,139.4245,0.222525
-409.1222,17.5326,140.6739,0.222885
-410.0210,17.6408,141.9196,0.223244
-410.9222,17.7477,143.1621,0.223603
-411.8255,17.8569,144.4012,0.223961
-412.7307,17.9647,145.6372,0.224319
-413.6380,18.0730,146.8700,0.224677
-414.5475,18.1816,148.0994,0.225035
-415.4592,18.2907,149.3253,0.225392
-416.3731,18.4017,150.5477,0.225749
-417.2893,18.5154,151.7667,0.226106
-418.2072,18.6297,152.9830,0.226462
-419.1266,18.7452,154.1964,0.226818
-420.0478,18.8599,155.4071,0.227174
-420.9709,18.9760,156.6148,0.227529
-421.8955,19.0926,157.8197,0.227885
-422.8222,19.2102,159.0215,0.228240
-423.7510,19.3285,160.2198,0.228594
-424.6825,19.4471,161.4145,0.228949
-425.6166,19.5668,162.6055,0.229303
-426.5533,19.6879,163.7926,0.229656
-427.4926,19.8093,164.9758,0.230010
-428.4348,19.9320,166.1546,0.230363
-429.3802,20.0551,167.3286,0.230716
-430.3286,20.1795,168.4978,0.231068
-431.2800,20.3032,169.6625,0.231420
-432.2343,20.4258,170.8229,0.231772
-433.1909,20.5494,171.9789,0.232123
-434.1880,20.6784,173.1766,0.232487
-435.1869,20.8088,174.3703,0.232852
-436.1880,20.9423,175.5588,0.233215
-437.1910,21.0731,176.7435,0.233579
-438.1961,21.2088,177.9239,0.233942
-439.2036,21.3447,179.0997,0.234304
-440.2134,21.4795,180.2713,0.234666
-441.2259,21.6137,181.4384,0.235028
-442.2406,21.7496,182.6010,0.235389
-443.2573,21.8854,183.7593,0.235750
-444.2756,22.0234,184.9138,0.236111
-445.2952,22.1611,186.0645,0.236471
-446.3163,22.2994,187.2114,0.236830
-447.3388,22.4381,188.3545,0.237189
-448.3625,22.5784,189.4937,0.237548
-449.3874,22.7198,190.6290,0.237906
-450.4130,22.8631,191.7608,0.238264
-451.4391,23.0074,192.8888,0.238621
-452.4658,23.1520,194.0129,0.238978
-453.4926,23.2968,195.1333,0.239334
-454.5197,23.4432,196.2497,0.239689
-455.5471,23.5891,197.3626,0.240044
-456.5746,23.7360,198.4717,0.240398
-457.6022,23.8825,199.5767,0.240752
-458.6311,24.0284,200.6775,0.241105
-459.6608,24.1745,201.7746,0.241458
-460.6913,24.3203,202.8679,0.241810
-461.7226,24.4648,203.9576,0.242161
-462.7943,24.6153,205.0854,0.242526
-463.8669,24.7654,206.2093,0.242890
-464.9403,24.9158,207.3290,0.243253
-466.0144,25.0676,208.4447,0.243616
-467.0888,25.2227,209.5563,0.243979
-468.1633,25.3804,210.6637,0.244340
-469.2386,25.5415,211.7671,0.244702
-470.3143,25.7037,212.8671,0.245062
-471.3912,25.8670,213.9646,0.245423
-472.4691,26.0297,215.0600,0.245783
-473.5486,26.1904,216.1543,0.246144
-474.6313,26.3501,217.2476,0.246505
-475.7187,26.5076,218.3410,0.246866
-476.8109,26.6662,219.4351,0.247229
-477.9071,26.8264,220.5310,0.247592
-479.0035,26.9858,221.6249,0.247955
-480.0949,27.1458,222.7111,0.248316
-481.1928,27.3077,223.8011,0.248679
-482.2747,27.4687,224.8714,0.249036
-483.3629,27.6328,225.9432,0.249394
-484.4578,27.7988,227.0172,0.249754
-485.5590,27.9676,228.0930,0.250115
-486.6665,28.1381,229.1707,0.250478
-487.7803,28.3098,230.2501,0.250842
-488.9001,28.4827,231.3310,0.251207
-489.9825,28.6500,232.3718,0.251559
-491.0703,28.8179,233.4142,0.251913
-492.1627,28.9861,234.4584,0.252267
-493.2596,29.1538,235.5044,0.252623
-494.3603,29.3208,236.5520,0.252979
-495.4637,29.4877,237.6000,0.253337
-496.5675,29.6547,238.6476,0.253694
-497.6709,29.8229,239.6934,0.254050
-498.7728,29.9928,240.7365,0.254406
-499.8727,30.1653,241.7762,0.254762
-500.9695,30.3414,242.8117,0.255116
-502.0622,30.5193,243.8419,0.255469
-503.1933,30.7044,244.9068,0.255833
-504.3188,30.8884,245.9652,0.256196
-505.4385,31.0707,247.0166,0.256557
-506.5515,31.2515,248.0605,0.256915
-507.6567,31.4311,249.0953,0.257271
-508.7533,31.6076,250.1198,0.257623
-509.8831,31.7901,251.1723,0.257986
-511.0038,31.9717,252.2134,0.258345
-512.1153,32.1528,253.2430,0.258701
-513.2175,32.3330,254.2616,0.259054
-514.3506,32.5184,255.3066,0.259416
-515.4734,32.7029,256.3405,0.259774
-516.5861,32.8852,257.3633,0.260129
-517.7278,33.0726,258.4110,0.260493
-518.8587,33.2570,259.4472,0.260854
-519.9785,33.4394,260.4725,0.261210
-521.0875,33.6192,261.4868,0.261563
-522.2234,33.8017,262.5248,0.261925
-523.3477,33.9822,263.5515,0.262282
-524.4606,34.1592,264.5671,0.262636
-525.5985,34.3398,265.6050,0.262998
-526.7243,34.5185,266.6312,0.263355
-527.8381,34.6953,267.6457,0.263709
-528.9750,34.8771,268.6811,0.264070
-530.0990,35.0569,269.7044,0.264427
-531.2101,35.2355,270.7159,0.264780
-532.3433,35.4172,271.7476,0.265140
-533.4654,35.5969,272.7685,0.265496
-534.5772,35.7748,273.7794,0.265849
-535.7131,35.9572,274.8120,0.266210
-536.8348,36.1381,275.8310,0.266566
-537.9452,36.3191,276.8401,0.266918
-539.0757,36.5039,277.8677,0.267277
-540.1925,36.6878,278.8832,0.267632
-541.3285,36.8750,279.9155,0.267992
-542.4508,37.0608,280.9352,0.268349
-543.5627,37.2432,281.9440,0.268701
-544.6999,37.4303,282.9754,0.269062
-545.8343,37.6157,284.0038,0.269422
-546.9661,37.8003,285.0304,0.269781
-548.0972,37.9819,286.0556,0.270139
-549.2262,38.1624,287.0798,0.270497
-550.3524,38.3414,288.1038,0.270855
-551.4752,38.5220,289.1279,0.271212
-552.5952,38.7016,290.1518,0.271568
-553.7120,38.8809,291.1756,0.271924
-554.8251,39.0604,292.1984,0.272279
-555.9337,39.2387,293.2195,0.272633
-557.0370,39.4176,294.2390,0.272986
-558.1649,39.6008,295.2836,0.273347
-559.2866,39.7781,296.3207,0.273705
-560.3978,39.9583,297.3502,0.274061
-561.4982,40.1337,298.3719,0.274414
-562.6164,40.3152,299.4118,0.274772
-563.7223,40.4948,300.4410,0.275127
-564.8411,40.6752,301.4829,0.275486
-565.9396,40.8550,302.5082,0.275839
-567.0442,41.0379,303.5441,0.276195
-568.1535,41.2224,304.5896,0.276553
-569.2661,41.4070,305.6442,0.276913
-570.3554,41.5912,306.6811,0.277266
-571.4491,41.7736,307.7233,0.277621
-572.5451,41.9572,308.7700,0.277977
-573.6431,42.1399,309.8200,0.278334
-574.7461,42.3271,310.8758,0.278693
-575.8350,42.5063,311.9179,0.279047
-576.9282,42.6898,312.9673,0.279403
-578.0262,42.8707,314.0196,0.279760
-579.1307,43.0570,315.0771,0.280119
-580.2239,43.2395,316.1202,0.280474
-581.3264,43.4262,317.1708,0.280832
-582.4152,43.6083,318.2069,0.281185
-583.5099,43.7952,319.2503,0.281541
-584.6110,43.9801,320.3033,0.281899
-585.6927,44.1721,321.3461,0.282252
-586.7717,44.3564,322.3892,0.282604
-587.8571,44.5459,323.4479,0.282961
-588.9264,44.7333,324.5027,0.283314
-589.9996,44.9222,325.5804,0.283671
-591.0557,45.1122,326.6781,0.284029
-592.0814,45.2991,327.7872,0.284384
-593.0853,45.4886,328.9181,0.284740
-594.0634,45.6779,330.0817,0.285097
-594.9949,45.8651,331.2624,0.285450
-595.8953,46.0513,332.4801,0.285806
-596.7600,46.2379,333.7365,0.286165
-597.5648,46.4192,335.0140,0.286519
-598.3160,46.5996,336.3350,0.286876
-599.0032,46.7775,337.6977,0.287235
-599.6105,46.9532,339.0960,0.287592
-600.1318,47.1250,340.5200,0.287948
-600.5696,47.2946,341.9670,0.288303
-600.9276,47.4611,343.4401,0.288659
-601.2014,47.6247,344.9403,0.289017
-601.3811,47.7812,346.4335,0.289369
-601.4674,47.9358,347.9395,0.289723
-601.4594,48.0912,349.4530,0.290078
-601.3535,48.2521,350.9664,0.290434
-601.1469,48.4216,352.4710,0.290790
-600.8403,48.6053,353.9572,0.291146
-600.4411,48.7955,355.4194,0.291503
-599.9462,48.9869,356.8511,0.291859
-599.3618,49.1852,358.2458,0.292214
-598.6738,49.3648,359.5976,0.292571
-597.8991,49.5399,360.9046,0.292927
-597.0400,49.7079,362.1668,0.293286
-596.1146,49.8673,363.3614,0.293640
-595.1140,50.0241,364.5116,0.293997
-594.0648,50.1733,365.6011,0.294352
-592.9712,50.3172,366.6280,0.294703
-591.8126,50.4557,367.6087,0.295059
-590.6167,50.5904,368.5263,0.295412
-589.3650,50.7199,369.4006,0.295769
-588.0834,50.8432,370.2114,0.296124
-586.7747,50.9573,370.9565,0.296476
-585.4155,51.0640,371.6490,0.296833
-584.0358,51.1576,372.2757,0.297187
-582.6412,51.2355,372.8416,0.297538
-581.2068,51.3055,373.3639,0.297895
-579.7682,51.3658,373.8437,0.298249
-578.3284,51.4201,374.2843,0.298600
-576.8572,51.4674,374.6943,0.298957
-575.3871,51.5059,375.0629,0.299310
-573.9208,51.5359,375.3933,0.299661
-572.4255,51.5607,375.6934,0.300016
-570.9384,51.5814,375.9657,0.300369
-569.4256,51.5980,376.2211,0.300727
-567.9236,51.6086,376.4574,0.301081
-566.4335,51.6200,376.6769,0.301433
-564.9207,51.6221,376.8866,0.301789
-563.4213,51.6229,377.0823,0.302142
-561.8992,51.6206,377.2674,0.302499
-560.3928,51.6160,377.4390,0.302853
-558.8644,51.6118,377.6020,0.303211
-557.3542,51.6068,377.7541,0.303565
-555.8228,51.6007,377.9006,0.303924
-554.3114,51.5941,378.0386,0.304278
-552.7802,51.5854,378.1741,0.304637
-551.2710,51.5782,378.3053,0.304990
-549.7427,51.5686,378.4354,0.305348
-548.2386,51.5585,378.5589,0.305700
-546.7157,51.5542,378.6742,0.306056
-545.2187,51.5453,378.7869,0.306406
-543.7045,51.5430,378.8970,0.306760
-542.1732,51.5391,379.0075,0.307118
-540.6701,51.5396,379.1140,0.307469
-539.1506,51.5386,379.2211,0.307825
-537.6144,51.5374,379.3268,0.308184
-536.1100,51.5337,379.4283,0.308535
-534.5914,51.5310,379.5277,0.308890
-533.0590,51.5275,379.6256,0.309249
-531.5135,51.5238,379.7221,0.309610
-530.0040,51.5185,379.8136,0.309962
-528.4830,51.5138,379.9029,0.310318
-526.9505,51.5064,379.9902,0.310676
-525.4072,51.4984,380.0753,0.311036
-523.9034,51.4884,380.1558,0.311387
-522.3906,51.4777,380.2340,0.311741
-520.8691,51.4645,380.3098,0.312096
-519.3390,51.4512,380.3831,0.312453
-517.8007,51.4372,380.4540,0.312812
-516.2548,51.4215,380.5224,0.313173
-514.7532,51.4048,380.5862,0.313524
-513.2440,51.3863,380.6477,0.313876
-511.7268,51.3660,380.7070,0.314230
-510.2017,51.3460,380.7639,0.314586
-508.6695,51.3251,380.8183,0.314944
-507.1303,51.3047,380.8702,0.315303
-505.5843,51.2860,380.9193,0.315664
-504.0842,51.2681,380.9641,0.316014
-502.5763,51.2511,381.0064,0.316366
-501.0606,51.2327,381.0465,0.316719
-499.5369,51.2103,381.0842,0.317075
-498.0052,51.1844,381.1194,0.317432
-496.4659,51.1546,381.1519,0.317791
-494.9185,51.1239,381.1820,0.318152
-493.3632,51.0934,381.2089,0.318515
-491.8559,51.0656,381.2317,0.318867
-490.3412,51.0394,381.2518,0.319220
-488.8223,51.0151,381.2692,0.319575
-487.3041,50.9924,381.2837,0.319929
-485.7709,50.9688,381.2948,0.320286
-484.2326,50.9430,381.3021,0.320645
-482.6895,50.9146,381.3053,0.321005
-481.1415,50.8845,381.3030,0.321366
-479.5884,50.8520,381.2948,0.321728
-478.0876,50.8196,381.2808,0.322079
-476.5816,50.7850,381.2611,0.322430
-475.0710,50.7490,381.2364,0.322782
-473.5555,50.7126,381.2080,0.323136
-472.0355,50.6749,381.1765,0.323491
-470.5108,50.6362,381.1420,0.323846
-468.9814,50.5964,381.1041,0.324203
-467.4475,50.5560,381.0630,0.324561
-465.9089,50.5140,381.0190,0.324920
-464.3658,50.4714,380.9727,0.325281
-462.8181,50.4272,380.9244,0.325642
-461.2657,50.3828,380.8743,0.326004
-459.7090,50.3371,380.8220,0.326368
-458.2083,50.2914,380.7700,0.326718
-456.7041,50.2452,380.7162,0.327069
-455.1964,50.1968,380.6607,0.327421
-453.6853,50.1478,380.6035,0.327774
-452.1708,50.0967,380.5442,0.328128
-450.6532,50.0449,380.4828,0.328482
-449.1328,49.9902,380.4191,0.328837
-447.6095,49.9344,380.3532,0.329193
-446.0835,49.8762,380.2846,0.329550
-444.5545,49.8179,380.2131,0.329907
-443.0229,49.7583,380.1381,0.330265
-441.4884,49.6982,380.0598,0.330624
-439.9512,49.6374,379.9781,0.330983
-438.4112,49.5755,379.8931,0.331343
-436.8681,49.5129,379.8044,0.331704
-435.3220,49.4490,379.7121,0.332065
-433.7731,49.3846,379.6170,0.332427
-432.2217,49.3192,379.5190,0.332790
-430.6679,49.2527,379.4182,0.333154
-429.1122,49.1858,379.3150,0.333518
-427.5547,49.1180,379.2095,0.333882
-426.0580,49.0522,379.1060,0.334232
-424.5606,48.9853,379.0003,0.334583
-423.0624,48.9177,378.8928,0.334933
-421.5630,48.8487,378.7837,0.335284
-420.0625,48.7785,378.6732,0.335636
-418.5607,48.7058,378.5615,0.335987
-417.0576,48.6322,378.4487,0.336339
-415.5535,48.5573,378.3347,0.336691
-414.0483,48.4820,378.2196,0.337044
-412.5421,48.4056,378.1031,0.337397
-411.0351,48.3274,377.9854,0.337750
-409.5273,48.2473,377.8668,0.338103
-408.0183,48.1679,377.7472,0.338456
-406.5085,48.0875,377.6262,0.338810
-404.9976,48.0075,377.5039,0.339164
-403.4858,47.9266,377.3802,0.339518
-401.9731,47.8433,377.2549,0.339873
-400.4593,47.7608,377.1283,0.340228
-398.9453,47.6765,376.9999,0.340583
-397.4305,47.5941,376.8702,0.340938
-395.9151,47.5145,376.7387,0.341293
-394.3997,47.4343,376.6058,0.341648
-392.8844,47.3555,376.4713,0.342004
-391.3690,47.2759,376.3350,0.342359
-389.8532,47.1949,376.1966,0.342714
-388.3371,47.1140,376.0563,0.343070
-386.8207,47.0313,375.9143,0.343426
-385.3039,46.9497,375.7703,0.343782
-383.7870,46.8689,375.6242,0.344137
-382.2702,46.7876,375.4762,0.344493
-380.7534,46.7073,375.3262,0.344849
-379.2365,46.6265,375.1746,0.345205
-377.7197,46.5454,375.0212,0.345561
-376.2028,46.4653,374.8660,0.345918
-374.6861,46.3847,374.7092,0.346274
-373.1694,46.3039,374.5508,0.346630
-371.6529,46.2236,374.3906,0.346986
-370.1367,46.1430,374.2288,0.347342
-368.6206,46.0639,374.0650,0.347698
-367.1045,45.9861,373.8994,0.348054
-365.5884,45.9086,373.7321,0.348411
-364.0723,45.8313,373.5632,0.348767
-362.5560,45.7537,373.3927,0.349123
-361.0392,45.6766,373.2205,0.349480
-359.5217,45.5996,373.0462,0.349836
-358.0041,45.5225,372.8702,0.350193
-356.4859,45.4464,372.6921,0.350550
-354.9676,45.3719,372.5123,0.350907
-353.4488,45.2980,372.3307,0.351264
-351.9297,45.2250,372.1474,0.351621
-350.4102,45.1523,371.9624,0.351979
-348.8904,45.0791,371.7759,0.352336
-347.3697,45.0057,371.5880,0.352694
-345.8483,44.9337,371.3986,0.353052
-344.3260,44.8612,371.2078,0.353410
-342.8029,44.7900,371.0156,0.353769
-341.2787,44.7187,370.8223,0.354127
-339.7535,44.6491,370.6277,0.354486
-338.2275,44.5804,370.4318,0.354845
-336.7006,44.5122,370.2344,0.355205
-335.1729,44.4436,370.0358,0.355565
-333.6443,44.3744,369.8358,0.355924
-332.1149,44.3068,369.6345,0.356285
-330.5846,44.2398,369.4319,0.356645
-329.0534,44.1742,369.2280,0.357005
-327.5214,44.1080,369.0232,0.357366
-325.9886,44.0424,368.8174,0.357727
-324.4550,43.9778,368.6104,0.358089
-322.9205,43.9136,368.4021,0.358450
-321.3853,43.8495,368.1925,0.358812
-319.8495,43.7847,367.9816,0.359174
-318.3129,43.7192,367.7694,0.359536
-316.7756,43.6532,367.5557,0.359898
-315.2375,43.5869,367.3407,0.360260
-313.6988,43.5210,367.1243,0.360623
-312.1592,43.4554,366.9070,0.360986
-310.6189,43.3910,366.6884,0.361349
-309.0779,43.3273,366.4685,0.361713
-307.5361,43.2644,366.2474,0.362076
-305.9944,43.2023,366.0251,0.362440
-304.4521,43.1415,365.8018,0.362803
-302.9096,43.0827,365.5774,0.363167
-301.3671,43.0237,365.3519,0.363531
-299.8246,42.9658,365.1250,0.363895
-298.2821,42.9083,364.8969,0.364259
-296.7397,42.8520,364.6673,0.364623
-295.1971,42.7968,364.4367,0.364987
-293.6538,42.7427,364.2046,0.365351
-292.1096,42.6895,363.9710,0.365715
-290.5642,42.6375,363.7360,0.366080
-289.0172,42.5862,363.4997,0.366445
-287.5332,42.5374,363.2720,0.366796
-286.0476,42.4888,363.0428,0.367146
-284.5604,42.4409,362.8124,0.367498
-283.0717,42.3931,362.5809,0.367849
-281.5815,42.3460,362.3481,0.368201
-280.0901,42.2985,362.1141,0.368553
-278.5974,42.2511,361.8791,0.368906
-277.1035,42.2037,361.6429,0.369259
-275.6079,42.1570,361.4054,0.369612
-274.1109,42.1104,361.1667,0.369966
-272.6122,42.0635,360.9266,0.370320
-271.1121,42.0160,360.6852,0.370675
-269.6103,41.9672,360.4424,0.371029
-268.1070,41.9191,360.1985,0.371385
-266.6018,41.8708,359.9549,0.371741
-265.0946,41.8236,359.7123,0.372097
-263.5852,41.7774,359.4723,0.372453
-262.0737,41.7318,359.2354,0.372810
-260.5598,41.6876,359.0018,0.373168
-259.0441,41.6438,358.7715,0.373526
-257.5267,41.6005,358.5439,0.373884
-256.0078,41.5576,358.3185,0.374242
-254.4873,41.5159,358.0952,0.374600
-252.9651,41.4757,357.8739,0.374959
-251.4412,41.4360,357.6545,0.375318
-249.9158,41.3979,357.4362,0.375678
-248.3887,41.3602,357.2183,0.376038
-246.8601,41.3240,357.0000,0.376398
-245.3304,41.2876,356.7814,0.376758
-243.7996,41.2519,356.5623,0.377119
-242.2677,41.2156,356.3423,0.377480
-240.7352,41.1796,356.1218,0.377841
-239.2023,41.1434,355.9007,0.378203
-237.6688,41.1070,355.6794,0.378564
-236.1350,41.0708,355.4582,0.378926
-234.6008,41.0346,355.2371,0.379287
-233.0657,40.9999,355.0166,0.379649
-231.5297,40.9652,354.7962,0.380011
-229.9927,40.9310,354.5764,0.380373
-228.4547,40.8969,354.3564,0.380736
-226.9154,40.8637,354.1367,0.381098
-225.3750,40.8309,353.9167,0.381461
-223.8335,40.7988,353.6970,0.381825
-222.2912,40.7671,353.4776,0.382188
-220.7484,40.7360,353.2586,0.382551
-219.2065,40.7054,353.0398,0.382915
-217.6665,40.6753,352.8215,0.383278
-216.1294,40.6454,352.6035,0.383640
-214.5952,40.6162,352.3860,0.384001
-213.0643,40.5875,352.1690,0.384362
-211.5368,40.5574,351.9528,0.384722
-210.0130,40.5260,351.7363,0.385081
-208.4930,40.4917,351.5196,0.385439
-206.9766,40.4573,351.3027,0.385796
-205.4638,40.4236,351.0858,0.386153
-203.9546,40.3905,350.8689,0.386508
-202.4488,40.3590,350.6520,0.386863
-200.9463,40.3297,350.4351,0.387217
-199.4470,40.3012,350.2188,0.387571
-197.9510,40.2727,350.0027,0.387923
-196.4581,40.2439,349.7872,0.388275
-194.9681,40.2138,349.5718,0.388626
-193.4811,40.1827,349.3570,0.388977
-191.9325,40.1489,349.1336,0.389342
-190.3870,40.1136,348.9102,0.389706
-188.8443,40.0779,348.6872,0.390070
-187.3044,40.0408,348.4641,0.390433
-185.7677,40.0037,348.2409,0.390795
-184.2345,39.9686,348.0175,0.391156
-182.7046,39.9355,347.7933,0.391517
-181.1778,39.9039,347.5684,0.391877
-179.6545,39.8724,347.3426,0.392236
-178.1346,39.8374,347.1163,0.392595
-176.6180,39.8021,346.8892,0.392952
-175.1044,39.7668,346.6614,0.393310
-173.5934,39.7299,346.4330,0.393666
-172.0849,39.6926,346.2042,0.394022
-170.5783,39.6551,345.9756,0.394378
-169.0732,39.6182,345.7471,0.394733
-167.5698,39.5816,345.5186,0.395087
-166.0676,39.5446,345.2901,0.395442
-164.5664,39.5082,345.0611,0.395796
-163.0660,39.4713,344.8319,0.396150
-161.5664,39.4343,344.6026,0.396504
-160.0676,39.3974,344.3727,0.396858
-158.5697,39.3607,344.1427,0.397211
-157.0728,39.3240,343.9122,0.397565
-155.5763,39.2857,343.6816,0.397918
-154.0806,39.2487,343.4512,0.398271
-152.5853,39.2081,343.2212,0.398624
-151.0905,39.1670,342.9914,0.398977
-149.5963,39.1249,342.7614,0.399330
-148.1025,39.0799,342.5319,0.399682
-146.6090,39.0364,342.3027,0.400035
-145.1159,38.9924,342.0739,0.400387
-143.6232,38.9487,341.8456,0.400739
-142.1308,38.9069,341.6180,0.401092
-140.6390,38.8658,341.3911,0.401444
-139.1480,38.8243,341.1650,0.401796
-137.6576,38.7829,340.9403,0.402147
-136.1677,38.7410,340.7174,0.402499
-134.6785,38.6981,340.4962,0.402850
-133.1897,38.6552,340.2771,0.403201
-131.7014,38.6109,340.0600,0.403552
-130.2136,38.5665,339.8450,0.403903
-128.7263,38.5221,339.6317,0.404253
-127.2395,38.4768,339.4200,0.404604
-125.7533,38.4326,339.2096,0.404954
-124.2675,38.3877,339.0010,0.405304
-122.7204,38.3409,338.7853,0.405668
-121.1737,38.2934,338.5714,0.406033
-119.6277,38.2450,338.3588,0.406397
-118.0823,38.1962,338.1470,0.406761
-116.5374,38.1468,337.9361,0.407125
-114.9931,38.0970,337.7261,0.407488
-113.4494,38.0475,337.5168,0.407852
-111.9063,37.9983,337.3083,0.408215
-110.3638,37.9498,337.1004,0.408578
-108.8218,37.9023,336.8935,0.408941
-107.2804,37.8545,336.6873,0.409304
-105.7396,37.8071,336.4820,0.409667
-104.1994,37.7599,336.2774,0.410029
-102.6598,37.7124,336.0738,0.410392
-101.1207,37.6649,335.8710,0.410754
-99.5822,37.6164,335.6693,0.411116
-98.0443,37.5686,335.4686,0.411478
-96.5069,37.5211,335.2689,0.411840
-94.9700,37.4739,335.0700,0.412201
-93.4337,37.4276,334.8722,0.412563
-91.8981,37.3793,334.6750,0.412924
-90.3630,37.3313,334.4784,0.413285
-88.8285,37.2813,334.2826,0.413646
-87.2945,37.2301,334.0877,0.414007
-85.7609,37.1797,333.8941,0.414368
-84.2276,37.1303,333.7025,0.414728
-82.6946,37.0809,333.5129,0.415089
-81.1619,37.0321,333.3254,0.415449
-79.6296,36.9826,333.1398,0.415809
-78.0976,36.9329,332.9563,0.416169
-76.5659,36.8818,332.7746,0.416529
-75.0345,36.8304,332.5952,0.416889
-73.5034,36.7780,332.4180,0.417249
-71.9724,36.7250,332.2430,0.417608
-70.4417,36.6721,332.0706,0.417968
-68.9111,36.6183,331.9008,0.418327
-67.3806,36.5654,331.7335,0.418686
-65.8504,36.5124,331.5682,0.419045
-64.3203,36.4599,331.4052,0.419404
-62.7905,36.4070,331.2444,0.419763
-61.2607,36.3536,331.0865,0.420122
-59.7311,36.2994,330.9324,0.420481
-58.2015,36.2449,330.7826,0.420840
-56.6723,36.1903,330.6369,0.421198
-55.1435,36.1352,330.4954,0.421557
-53.6152,36.0801,330.3578,0.421915
-52.0875,36.0254,330.2231,0.422273
-50.5602,35.9702,330.0909,0.422630
-49.0336,35.9157,329.9604,0.422988
-47.5074,35.8595,329.8322,0.423345
-45.9813,35.8038,329.7057,0.423703
-44.4553,35.7473,329.5815,0.424060
-42.9295,35.6914,329.4597,0.424417
-41.4039,35.6354,329.3407,0.424774
-39.8786,35.5793,329.2243,0.425131
-38.3538,35.5232,329.1107,0.425488
-36.8296,35.4675,328.9998,0.425845
-35.3058,35.4120,328.8912,0.426201
-33.7827,35.3583,328.7852,0.426558
-32.2613,35.3025,328.6819,0.426913
-30.7446,35.2470,328.5818,0.427268
-29.2336,35.1876,328.4852,0.427622
-27.7283,35.1254,328.3914,0.427974
-26.2285,35.0616,328.3007,0.428324
-24.6745,34.9943,328.2091,0.428688
-23.1262,34.9297,328.1203,0.429050
-21.5836,34.8665,328.0344,0.429410
-20.0469,34.8062,327.9506,0.429770
-18.5159,34.7463,327.8693,0.430127
-16.9906,34.6869,327.7902,0.430484
-15.4711,34.6273,327.7133,0.430839
-13.9573,34.5673,327.6384,0.431193
-12.4492,34.5086,327.5651,0.431545
-10.9468,34.4501,327.4933,0.431896
-9.3925,34.3887,327.4201,0.432259
-7.8442,34.3278,327.3485,0.432621
-6.3018,34.2645,327.2792,0.432982
-4.7652,34.2017,327.2120,0.433341
-3.2344,34.1378,327.1469,0.433698
-1.7093,34.0739,327.0841,0.434055
-0.1897,34.0085,327.0239,0.434410
1.3243,33.9431,326.9658,0.434763
2.8328,33.8772,326.9100,0.435116
4.3359,33.8116,326.8564,0.435467
5.8891,33.7436,326.8032,0.435829
7.4403,33.6755,326.7522,0.436192
8.9917,33.6070,326.7025,0.436554
10.5064,33.5400,326.6554,0.436908
12.0202,33.4733,326.6097,0.437261
13.5253,33.4071,326.5655,0.437613
15.0775,33.3389,326.5211,0.437975
16.6207,33.2742,326.4778,0.438336
18.1550,33.2075,326.4370,0.438694
19.6807,33.1451,326.3975,0.439050
21.1977,33.0804,326.3599,0.439405
22.7059,33.0164,326.3243,0.439757
24.2057,32.9520,326.2909,0.440107
25.7502,32.8853,326.2581,0.440468
27.2857,32.8187,326.2270,0.440826
28.8124,32.7529,326.1973,0.441183
30.3303,32.6885,326.1692,0.441537
31.8394,32.6251,326.1425,0.441889
33.3901,32.5608,326.1165,0.442251
34.9285,32.4969,326.0922,0.442610
36.4548,32.4340,326.0693,0.442967
37.9702,32.3708,326.0479,0.443320
39.4756,32.3082,326.0277,0.443672
41.0214,32.2435,326.0071,0.444033
42.5578,32.1795,325.9863,0.444391
44.0849,32.1141,325.9659,0.444748
45.6031,32.0509,325.9460,0.445102
47.1124,31.9877,325.9261,0.445455
48.6131,31.9258,325.9062,0.445805
50.1530,31.8616,325.8857,0.446164
51.6838,31.7976,325.8659,0.446522
53.2055,31.7345,325.8466,0.446877
54.7183,31.6715,325.8281,0.447230
56.2222,31.6091,325.8091,0.447581
57.7641,31.5451,325.7900,0.447941
59.2966,31.4823,325.7708,0.448299
60.8198,31.4191,325.7516,0.448655
62.3339,31.3570,325.7324,0.449008
63.8390,31.2961,325.7130,0.449359
65.3804,31.2309,325.6942,0.449719
66.9125,31.1667,325.6764,0.450077
68.4351,31.1007,325.6594,0.450432
69.9488,31.0351,325.6426,0.450786
71.4537,30.9684,325.6264,0.451137
72.9935,30.8989,325.6103,0.451496
74.5243,30.8267,325.5948,0.451854
76.0463,30.7575,325.5779,0.452209
77.5594,30.6845,325.5609,0.452563
79.0641,30.6129,325.5434,0.452914
80.6027,30.5373,325.5258,0.453273
82.1321,30.4590,325.5090,0.453630
83.6519,30.3827,325.4923,0.453985
85.1623,30.3018,325.4770,0.454338
86.6638,30.2263,325.4615,0.454689
88.1973,30.1468,325.4467,0.455047
89.7215,30.0704,325.4323,0.455403
91.2360,29.9955,325.4183,0.455756
92.7407,29.9223,325.4042,0.456108
94.2758,29.8467,325.3903,0.456466
95.8004,29.7742,325.3758,0.456822
97.3146,29.6994,325.3621,0.457176
98.8186,29.6278,325.3478,0.457527
100.3510,29.5525,325.3340,0.457885
101.8720,29.4770,325.3206,0.458240
103.3822,29.4011,325.3077,0.458593
104.9201,29.3250,325.2940,0.458952
106.4478,29.2436,325.2809,0.459309
107.9644,29.1651,325.2669,0.459663
109.4653,29.0864,325.2528,0.460013
110.9879,29.0034,325.2366,0.460369
112.5004,28.9239,325.2176,0.460722
114.0045,28.8435,325.1969,0.461074
115.5364,28.7628,325.1736,0.461431
117.0597,28.6812,325.1506,0.461787
118.5757,28.6009,325.1257,0.462141
120.0845,28.5189,325.1001,0.462494
121.5864,28.4392,325.0744,0.462845
123.1169,28.3575,325.0488,0.463202
124.6403,28.2783,325.0226,0.463558
126.1566,28.1960,324.9958,0.463912
127.6660,28.1180,324.9671,0.464265
129.1680,28.0377,324.9376,0.464616
130.6977,27.9578,324.9060,0.464973
132.2202,27.8805,324.8728,0.465328
133.7351,27.8019,324.8391,0.465682
135.2417,27.7249,324.8043,0.466034
136.7727,27.6459,324.7680,0.466392
138.2935,27.5668,324.7296,0.466747
139.8026,27.4897,324.6893,0.467100
141.3330,27.4068,324.6463,0.467457
142.8521,27.3314,324.5988,0.467812
144.3624,27.2484,324.5500,0.468165
145.8660,27.1665,324.4973,0.468517
147.3953,27.0864,324.4394,0.468874
148.9174,27.0019,324.3792,0.469230
150.4336,26.9187,324.3127,0.469584
151.9434,26.8355,324.2368,0.469937
153.4468,26.7553,324.1474,0.470289
154.9436,26.6674,324.0460,0.470640
156.4653,26.5786,323.9217,0.470996
157.9796,26.4868,323.7723,0.471352
159.4851,26.3933,323.5907,0.471706
160.9808,26.2967,323.3706,0.472059
162.4645,26.1999,323.1053,0.472412
163.9342,26.1020,322.7917,0.472763
165.4178,26.0030,322.4183,0.473120
166.8822,25.9026,321.9906,0.473477
168.3247,25.8013,321.5071,0.473833
169.7431,25.6988,320.9677,0.474187
171.1353,25.5948,320.3733,0.474541
172.4996,25.4889,319.7253,0.474894
173.8337,25.3812,319.0237,0.475247
175.1349,25.2719,318.2691,0.475598
176.4012,25.1635,317.4622,0.475950
177.6557,25.0536,316.5872,0.476307
178.8719,24.9457,315.6646,0.476664
180.0470,24.8380,314.6946,0.477020
181.1783,24.7309,313.6783,0.477376
182.2633,24.6231,312.6167,0.477731
183.3017,24.5147,311.5132,0.478085
184.2946,24.4043,310.3718,0.478439
185.2446,24.2918,309.1971,0.478792
186.1538,24.1770,307.9929,0.479145
187.0205,24.0609,306.7595,0.479498
187.8445,23.9468,305.4991,0.479850
188.6228,23.8300,304.2113,0.480202
189.3548,23.7191,302.8987,0.480553
190.0358,23.6083,301.5610,0.480904
190.6790,23.5049,300.1729,0.481262
191.2715,23.4003,298.7657,0.481619
191.8104,23.2934,297.3398,0.481975
192.2863,23.1905,295.8945,0.482331
192.6930,23.0829,294.4313,0.482686
193.0282,22.9783,292.9526,0.483040
193.2902,22.8698,291.4618,0.483394
193.4870,22.7665,289.9625,0.483748
193.6309,22.6613,288.4595,0.484101
193.7248,22.5633,286.9543,0.484453
193.7715,22.4666,285.4503,0.484805
193.7695,22.3741,283.9485,0.485156
193.7210,22.2848,282.4215,0.485513
193.6268,22.1962,280.9007,0.485869
193.4904,22.1111,279.3874,0.486224
193.3133,22.0302,277.8828,0.486578
193.0992,21.9534,276.3878,0.486930
192.8528,21.8799,274.9031,0.487282
192.5702,21.8078,273.4010,0.487639
192.2576,21.7375,271.9109,0.487994
191.9158,21.6671,270.4332,0.488348
191.5458,21.5974,268.9682,0.488701
191.1483,21.5271,267.5164,0.489052
190.7173,21.4550,266.0504,0.489409
190.2603,21.3822,264.5980,0.489765
189.7778,21.3093,263.1593,0.490119
189.2707,21.2361,261.7346,0.490472
188.7396,21.1628,260.3240,0.490824
188.1841,21.0886,258.9231,0.491176
187.6016,21.0120,257.5222,0.491530
187.0040,20.9343,256.1445,0.491881
186.3812,20.8535,254.7626,0.492235
185.7453,20.7709,253.4018,0.492586
185.0843,20.6856,252.0366,0.492940
184.4109,20.5992,250.6938,0.493291
183.7121,20.5104,249.3477,0.493645
183.0016,20.4221,248.0257,0.493996
182.2663,20.3311,246.7015,0.494350
181.5057,20.2394,245.3770,0.494707
180.7360,20.1477,244.0796,0.495059
179.9417,20.0558,242.7832,0.495414
179.1395,19.9659,241.5152,0.495765
178.3135,19.8737,240.2491,0.496118
177.4629,19.7836,238.9865,0.496474
176.6076,19.6917,237.7528,0.496824
175.7296,19.6033,236.5225,0.497178
174.8320,19.5103,235.2940,0.497533
173.9129,19.4194,234.0692,0.497891
172.9916,19.3324,232.8749,0.498243
172.0499,19.2447,231.6852,0.498598
171.0868,19.1595,230.5009,0.498954
170.1232,19.0813,229.3481,0.499305
169.1401,19.0047,228.2020,0.499658
168.1371,18.9333,227.0642,0.500012
167.1156,18.8660,225.9359,0.500367
166.0767,18.7988,224.8157,0.500724
165.0434,18.7363,223.7278,0.501074
163.9945,18.6714,222.6486,0.501425
162.9284,18.6086,221.5782,0.501778
161.8448,18.5446,220.5155,0.502132
160.7427,18.4809,219.4605,0.502488
159.6220,18.4170,218.4132,0.502846
158.5088,18.3542,217.3975,0.503198
157.3768,18.2916,216.3898,0.503552
156.2264,18.2303,215.3910,0.503908
155.0588,18.1682,214.4013,0.504265
153.9014,18.1084,213.4441,0.504615
152.7268,18.0496,212.4963,0.504968
151.5358,17.9920,211.5588,0.505321
150.3295,17.9361,210.6325,0.505676
149.1085,17.8818,209.7172,0.506032
147.8734,17.8286,208.8129,0.506390
146.6248,17.7768,207.9191,0.506748
145.3939,17.7269,207.0562,0.507099
144.1517,17.6768,206.2020,0.507451
142.8983,17.6264,205.3568,0.507803
141.6338,17.5757,204.5208,0.508157
140.3589,17.5257,203.6931,0.508512
139.0743,17.4758,202.8733,0.508867
137.7799,17.4269,202.0614,0.509224
136.4760,17.3781,201.2577,0.509581
135.1627,17.3307,200.4624,0.509940
133.8724,17.2854,199.6944,0.510290
132.5734,17.2408,198.9344,0.510641
131.2652,17.1974,198.1802,0.510993
129.9490,17.1546,197.4323,0.511347
128.6254,17.1137,196.6911,0.511700
127.2949,17.0729,195.9568,0.512055
125.9573,17.0336,195.2297,0.512410
124.6128,16.9954,194.5097,0.512766
123.2615,16.9582,193.7974,0.513122
121.9036,16.9220,193.0923,0.513479
120.5392,16.8871,192.3951,0.513837
119.1684,16.8523,191.7057,0.514195
117.7913,16.8199,191.0240,0.514553
116.4082,16.7879,190.3504,0.514912
115.0538,16.7589,189.7016,0.515262
113.6940,16.7312,189.0605,0.515613
112.3289,16.7057,188.4275,0.515964
110.9585,16.6815,187.8028,0.516315
109.5825,16.6594,187.1876,0.516667
108.2007,16.6372,186.5820,0.517019
106.8126,16.6158,185.9856,0.517371
105.4187,16.5947,185.3978,0.517724
104.0192,16.5747,184.8186,0.518077
102.6142,16.5560,184.2481,0.518431
101.2038,16.5397,183.6861,0.518785
99.7885,16.5248,183.1327,0.519139
98.3683,16.5117,182.5875,0.519494
96.9435,16.4992,182.0505,0.519849
95.5143,16.4871,181.5219,0.520205
94.0806,16.4757,181.0017,0.520560
92.6421,16.4650,180.4899,0.520917
91.1984,16.4544,179.9861,0.521273
89.7494,16.4441,179.4913,0.521630
88.2951,16.4346,179.0054,0.521988
86.8357,16.4260,178.5285,0.522346
85.3714,16.4184,178.0605,0.522704
83.9396,16.4123,177.6127,0.523054
82.5014,16.4078,177.1724,0.523405
81.0563,16.4058,176.7390,0.523757
79.6046,16.4062,176.3120,0.524110
78.1457,16.4088,175.8911,0.524464
76.6796,16.4133,175.4764,0.524819
75.2062,16.4197,175.0685,0.525176
73.7257,16.4279,174.6674,0.525534
72.2381,16.4378,174.2739,0.525893
70.7829,16.4489,173.8983,0.526243
69.3211,16.4607,173.5300,0.526595
67.8528,16.4741,173.1696,0.526947
66.3792,16.4880,172.8169,0.527301
64.9013,16.5033,172.4729,0.527655
63.4195,16.5198,172.1372,0.528009
61.9339,16.5374,171.8100,0.528364
60.4446,16.5564,171.4913,0.528719
58.9520,16.5761,171.1811,0.529075
57.4563,16.5972,170.8791,0.529430
55.9585,16.6195,170.5856,0.529786
54.4585,16.6429,170.3013,0.530143
52.9561,16.6673,170.0259,0.530499
51.4520,16.6927,169.7596,0.530855
49.9477,16.7176,169.5036,0.531211
48.4444,16.7425,169.2591,0.531566
46.9424,16.7666,169.0259,0.531921
45.4423,16.7910,168.8040,0.532274
43.9444,16.8144,168.5935,0.532627
42.4496,16.8382,168.3939,0.532979
40.9582,16.8608,168.2054,0.533330
39.4307,16.8844,168.0233,0.533688
37.9076,16.9081,167.8528,0.534046
36.3891,16.9321,167.6936,0.534402
34.8751,16.9558,167.5457,0.534757
33.3656,16.9798,167.4089,0.535110
31.8607,17.0040,167.2831,0.535463
30.3604,17.0273,167.1685,0.535814
28.8255,17.0518,167.0620,0.536173
27.2957,17.0764,166.9653,0.536530
25.7704,17.1018,166.8778,0.536886
24.2486,17.1276,166.8003,0.537242
22.7297,17.1534,166.7338,0.537596
21.2139,17.1793,166.6780,0.537950
19.7005,17.2046,166.6323,0.538303
18.1895,17.2303,166.5963,0.538656
16.6801,17.2549,166.5705,0.539008
15.1710,17.2787,166.5554,0.539360
13.6573,17.3024,166.5497,0.539713
12.1355,17.3251,166.5537,0.540068
10.6046,17.3475,166.5664,0.540425
9.1040,17.3706,166.5866,0.540775
7.5940,17.3918,166.6142,0.541128
6.0739,17.4143,166.6495,0.541482
4.5435,17.4384,166.6927,0.541839
3.0436,17.4625,166.7444,0.542189
1.5347,17.4868,166.8063,0.542542
0.0173,17.5106,166.8784,0.542896
-1.5094,17.5341,166.9608,0.543253
-3.0453,17.5585,167.0526,0.543611
-4.5469,17.5837,167.1509,0.543962
-6.0541,17.6095,167.2578,0.544315
-7.5666,17.6358,167.3720,0.544669
-9.0845,17.6634,167.4918,0.545024
-10.6082,17.6912,167.6167,0.545380
-12.1370,17.7198,167.7460,0.545738
-13.6712,17.7467,167.8798,0.546098
-15.1680,17.7732,168.0152,0.546448
-16.6678,17.7981,168.1554,0.546799
-18.1661,17.8240,168.2999,0.547151
-19.6611,17.8497,168.4486,0.547501
-21.1947,17.8758,168.6060,0.547861
-22.7237,17.9012,168.7673,0.548219
-24.2482,17.9255,168.9330,0.548577
-25.7672,17.9499,169.1024,0.548933
-27.2809,17.9734,169.2757,0.549289
-28.7889,17.9966,169.4529,0.549643
-30.2902,18.0203,169.6336,0.549996
-31.7837,18.0433,169.8175,0.550347
-33.3102,18.0673,170.0100,0.550706
-34.8262,18.0918,170.2061,0.551062
-36.3277,18.1161,170.4056,0.551415
-37.8144,18.1404,170.6079,0.551765
-39.3279,18.1641,170.8188,0.552122
-40.8304,18.1884,171.0331,0.552476
-42.3221,18.2128,171.2501,0.552827
-43.8421,18.2388,171.4751,0.553186
-45.3511,18.2653,171.7021,0.553542
-46.8491,18.2910,171.9314,0.553895
-48.3363,18.3164,172.1625,0.554246
-49.8506,18.3418,172.4014,0.554604
-51.3542,18.3665,172.6423,0.554959
-52.8479,18.3915,172.8856,0.555312
-54.3318,18.4153,173.1309,0.555663
-55.8429,18.4397,173.3842,0.556020
-57.3441,18.4633,173.6389,0.556375
-58.8358,18.4871,173.8954,0.556728
-60.3189,18.5110,174.1539,0.557080
-61.8302,18.5356,174.4217,0.557438
-63.3410,18.5609,174.6944,0.557796
-64.8235,18.5865,174.9669,0.558147
-66.3151,18.6123,175.2447,0.558501
-67.8145,18.6392,175.5270,0.558857
-69.3194,18.6654,175.8134,0.559214
-70.8238,18.6927,176.1026,0.559572
-72.3235,18.7203,176.3942,0.559928
-73.8154,18.7482,176.6869,0.560283
-75.2958,18.7765,176.9801,0.560635
-76.7960,18.8048,177.2802,0.560992
-78.2798,18.8332,177.5798,0.561345
-79.7822,18.8621,177.8861,0.561702
-81.2682,18.8906,178.1904,0.562056
-82.7383,18.9199,178.4909,0.562406
-84.2271,18.9489,178.7911,0.562761
-85.7004,18.9801,179.0833,0.563111
-87.1911,19.0109,179.3763,0.563465
-88.6653,19.0456,179.6632,0.563816
-90.1556,19.0795,179.9500,0.564170
-91.6298,19.1141,180.2273,0.564520
-93.1205,19.1493,180.4980,0.564873
-94.6259,19.1816,180.7651,0.565230
-96.1160,19.2140,181.0208,0.565582
-97.6050,19.2470,181.2669,0.565934
-99.1002,19.2805,181.5046,0.566288
-100.6041,19.3116,181.7364,0.566643
-102.1175,19.3451,181.9654,0.567000
-103.6085,19.3736,182.1906,0.567351
-105.1088,19.4046,182.4144,0.567705
-106.6201,19.4347,182.6354,0.568061
-108.1131,19.4593,182.8515,0.568413
-109.6193,19.4868,183.0641,0.568768
-111.1066,19.5111,183.2724,0.569118
-112.6068,19.5332,183.4797,0.569472
-114.1192,19.5603,183.6862,0.569828
-115.6084,19.5840,183.8908,0.570178
-117.1067,19.6103,184.0961,0.570531
-118.6066,19.6357,184.3033,0.570884
-120.0977,19.6605,184.5103,0.571235
-121.6065,19.6844,184.7213,0.571591
-123.0990,19.7103,184.9298,0.571942
-124.6075,19.7380,185.1414,0.572298
-126.0991,19.7609,185.3543,0.572649
-127.6060,19.7881,185.5689,0.573004
-129.0963,19.8120,185.7813,0.573355
-130.6015,19.8372,185.9941,0.573710
-132.0912,19.8614,186.2043,0.574061
-133.6070,19.8881,186.4164,0.574418
-135.1223,19.9117,186.6290,0.574775
-136.6083,19.9345,186.8348,0.575125
-138.0980,19.9572,187.0376,0.575475
-139.5942,19.9776,187.2366,0.575827
-141.0992,19.9985,187.4313,0.576181
-142.6142,20.0173,187.6213,0.576537
-144.1071,20.0370,187.8005,0.576888
-145.6109,20.0521,187.9727,0.577241
-147.1269,20.0685,188.1328,0.577597
-148.6233,20.0871,188.2762,0.577947
-150.1326,20.1012,188.4040,0.578301
-151.6553,20.1186,188.5118,0.578657
-153.1573,20.1284,188.6010,0.579007
-154.6719,20.1396,188.6713,0.579361
-156.1988,20.1495,188.7252,0.579717
-157.7035,20.1567,188.7608,0.580068
-159.2198,20.1624,188.7776,0.580422
-160.7463,20.1664,188.7756,0.580778
-162.2479,20.1693,188.7545,0.581128
-163.7582,20.1709,188.7129,0.581481
-165.2729,20.1729,188.6505,0.581834
-166.7877,20.1734,188.5674,0.582188
-168.2999,20.1741,188.4641,0.582542
-169.8070,20.1723,188.3401,0.582894
-171.3026,20.1678,188.1959,0.583245
-172.8171,20.1611,188.0281,0.583600
-174.3156,20.1524,187.8403,0.583952
-175.8316,20.1443,187.6284,0.584309
-177.3310,20.1374,187.3971,0.584663
-178.8137,20.1308,187.1464,0.585014
-180.3118,20.1224,186.8701,0.585369
-181.7924,20.1137,186.5742,0.585721
-183.2872,20.1035,186.2524,0.586078
-184.7637,20.0923,185.9108,0.586431
-186.2218,20.0805,185.5488,0.586782
-187.6916,20.0673,185.1576,0.587136
-189.1420,20.0527,184.7449,0.587488
-190.6027,20.0357,184.3024,0.587844
-192.0436,20.0181,183.8393,0.588197
-193.4700,19.9995,183.3542,0.588549
-194.8888,19.9804,182.8447,0.588900
-196.3047,19.9597,182.3097,0.589253
-197.7198,19.9371,181.7480,0.589608
-199.1331,19.9121,181.1594,0.589965
-200.5135,19.8861,180.5571,0.590317
-201.8871,19.8586,179.9312,0.590669
-203.2505,19.8293,179.2830,0.591021
-204.6223,19.7997,178.6032,0.591378
-205.9727,19.7700,177.9067,0.591733
-207.3016,19.7410,177.1937,0.592084
-208.6352,19.7110,176.4492,0.592441
-209.9458,19.6805,175.6873,0.592794
-211.2336,19.6489,174.9087,0.593145
-212.5238,19.6158,174.0977,0.593501
-213.7931,19.5806,173.2687,0.593854
-215.0531,19.5429,172.4143,0.594210
-216.2890,19.5041,171.5454,0.594562
-217.5041,19.4640,170.6616,0.594913
-218.7223,19.4220,169.7449,0.595268
-219.9164,19.3791,168.8149,0.595621
-221.1086,19.3331,167.8532,0.595979
-222.2698,19.2869,166.8843,0.596332
-223.4196,19.2399,165.8913,0.596686
-224.5563,19.1937,164.8743,0.597042
-225.6768,19.1459,163.8345,0.597399
-226.7751,19.0973,162.7764,0.597755
-227.8466,19.0485,161.7045,0.598108
-228.8915,18.9998,160.6194,0.598460
-229.9310,18.9492,159.4982,0.598816
-230.9423,18.8967,158.3640,0.599171
-231.9257,18.8431,157.2175,0.599524
-232.8811,18.7888,156.0587,0.599874
-233.8278,18.7313,154.8636,0.600230
-234.7463,18.6731,153.6571,0.600584
-235.6351,18.6115,152.4388,0.600936
-236.4951,18.5505,151.2090,0.601286
-237.3479,18.4863,149.9419,0.601643
-238.1774,18.4218,148.6598,0.601999
-238.9838,18.3538,147.3610,0.602356
-239.7515,18.2887,146.0719,0.602706
-240.4952,18.2208,144.7666,0.603057
-241.2164,18.1533,143.4461,0.603408
-241.9151,18.0844,142.1105,0.603760
-242.5913,18.0145,140.7608,0.604113
-243.2447,17.9424,139.3971,0.604466
-243.8758,17.8688,138.0199,0.604819
-244.4836,17.7945,136.6291,0.605174
-245.0674,17.7176,135.2251,0.605529
-245.6278,17.6402,133.8081,0.605885
-246.1646,17.5643,132.3790,0.606241
-246.6761,17.4837,130.9376,0.606598
-247.1543,17.4098,129.5157,0.606949
-247.6069,17.3288,128.0839,0.607299
-248.0366,17.2495,126.6428,0.607651
-248.4410,17.1660,125.1927,0.608002
-248.8209,17.0797,123.7333,0.608354
-249.1765,16.9938,122.2655,0.608707
-249.5061,16.9030,120.7891,0.609061
-249.8107,16.8132,119.3044,0.609415
-250.0889,16.7215,117.8117,0.609770
-250.3413,16.6298,116.3117,0.610125
-250.5679,16.5360,114.8047,0.610481
-250.7690,16.4437,113.2910,0.610838
-250.9437,16.3498,111.7715,0.611195
-251.0897,16.2579,110.2780,0.611546
-251.2107,16.1660,108.7795,0.611897
-251.3069,16.0719,107.2766,0.612249
-251.3792,15.9763,105.7694,0.612602
-251.4275,15.8770,104.2583,0.612955
-251.4515,15.7755,102.7435,0.613309
-251.4523,15.6708,101.2251,0.613664
-251.4302,15.5658,99.7033,0.614020
-251.3862,15.4596,98.1782,0.614377
-251.3205,15.3527,96.6503,0.614734
-251.2362,15.2465,95.1524,0.615085
-251.1318,15.1400,93.6522,0.615436
-251.0076,15.0327,92.1492,0.615789
-250.8631,14.9250,90.6432,0.616143
-250.6987,14.8162,89.1346,0.616498
-250.5144,14.7076,87.6235,0.616854
-250.3108,14.5996,86.1103,0.617211
-250.0881,14.4919,84.5952,0.617569
-249.8521,14.3866,83.1114,0.617920
-249.5982,14.2809,81.6265,0.618272
-249.3262,14.1733,80.1406,0.618625
-249.0359,14.0648,78.6538,0.618979
-248.7275,13.9537,77.1666,0.619335
-248.4007,13.8411,75.6788,0.619691
-248.0560,13.7271,74.1905,0.620048
-247.6935,13.6118,72.7019,0.620406
-247.3213,13.4983,71.2464,0.620758
-246.9315,13.3847,69.7912,0.621110
-246.5240,13.2710,68.3364,0.621463
-246.0985,13.1581,66.8825,0.621818
-245.6550,13.0454,65.4298,0.622173
-245.1935,12.9316,63.9785,0.622529
-244.7138,12.8158,62.5289,0.622886
-244.2158,12.6969,61.0813,0.623244
-243.7118,12.5789,59.6684,0.623595
-243.1908,12.4611,58.2575,0.623947
-242.6529,12.3427,56.8485,0.624300
-242.0982,12.2237,55.4415,0.624654
-241.5274,12.1004,54.0368,0.625009
-240.9413,11.9728,52.6339,0.625364
-240.3400,11.8418,51.2327,0.625721
-239.7231,11.7080,49.8332,0.626079
-239.0911,11.5709,48.4351,0.626439
-238.4603,11.4326,47.0704,0.626791
-237.8163,11.2914,45.7065,0.627144
-237.1598,11.1477,44.3428,0.627499
-236.4904,11.0055,42.9795,0.627854
-235.8093,10.8629,41.6162,0.628211
-235.1157,10.7213,40.2537,0.628569
-234.4085,10.5799,38.8927,0.628929
-233.7052,10.4421,37.5662,0.629280
-232.9895,10.3054,36.2415,0.629633
-232.2616,10.1676,34.9193,0.629986
-231.5222,10.0302,33.5988,0.630341
-230.7716,9.8904,32.2807,0.630696
-230.0096,9.7506,30.9645,0.631052
-229.2376,9.6110,29.6503,0.631409
-228.4561,9.4684,28.3381,0.631767
-227.6651,9.3264,27.0272,0.632126
-226.8665,9.1809,25.7170,0.632485
-226.0797,9.0399,24.4387,0.632837
-225.2861,8.8990,23.1609,0.633189
-224.4866,8.7587,21.8824,0.633542
-223.6817,8.6201,20.6032,0.633896
-222.8734,8.4804,19.3232,0.634251
-222.0624,8.3417,18.0422,0.634606
-221.2490,8.2039,16.7600,0.634961
-220.4333,8.0660,15.4764,0.635317
-219.6163,7.9296,14.1912,0.635674
-218.7991,7.7933,12.9041,0.636031
-217.9822,7.6602,11.6140,0.636389
-217.1654,7.5291,10.3216,0.636746
-216.3484,7.4000,9.0269,0.637105
-215.5329,7.2712,7.7293,0.637463
-214.7149,7.1443,6.4311,0.637822
-213.8922,7.0200,5.1339,0.638182
-213.0702,6.8978,3.8351,0.638542
-212.2506,6.7715,2.5335,0.638901
-211.4511,6.6567,1.2627,0.639253
-210.6551,6.5369,-0.0105,0.639604
-209.8618,6.4197,-1.2867,0.639955
-209.0721,6.3025,-2.5659,0.640307
-208.2857,6.1863,-3.8481,0.640659
-207.5029,6.0712,-5.1334,0.641011
-206.7235,5.9571,-6.4214,0.641363
-205.9476,5.8443,-7.7123,0.641715
-205.1751,5.7337,-9.0057,0.642068
-204.4054,5.6229,-10.3010,0.642420
-203.6373,5.5134,-11.5977,0.642772
-202.8702,5.4029,-12.8951,0.643125
-202.1045,5.2952,-14.1937,0.643477
-201.3402,5.1868,-15.4932,0.643830
-200.5779,5.0781,-16.7942,0.644182
-199.8169,4.9708,-18.0959,0.644535
-199.0563,4.8644,-19.3977,0.644887
-198.2952,4.7595,-20.6994,0.645240
-197.5320,4.6602,-21.9998,0.645592
-196.7688,4.5565,-23.2994,0.645945
-196.0036,4.4583,-24.5978,0.646297
-195.2388,4.3575,-25.8956,0.646649
-194.4727,4.2599,-27.1923,0.647001
-193.7055,4.1630,-28.4875,0.647353
-192.9372,4.0665,-29.7814,0.647705
-192.1682,3.9739,-31.0740,0.648056
-191.3990,3.8820,-32.3655,0.648407
-190.6275,3.7938,-33.6546,0.648758
-189.8523,3.7075,-34.9401,0.649109
-189.0516,3.6198,-36.2536,0.649468
-188.2435,3.5342,-37.5607,0.649827
-187.4272,3.4487,-38.8610,0.650186
-186.6020,3.3650,-40.1538,0.650544
-185.7678,3.2805,-41.4389,0.650902
-184.9242,3.1966,-42.7159,0.651259
-184.0711,3.1130,-43.9846,0.651616
-183.2083,3.0315,-45.2447,0.651973
-182.3344,2.9510,-46.4951,0.652329
-181.4489,2.8725,-47.7351,0.652685
-180.5513,2.7945,-48.9646,0.653041
-179.6408,2.7176,-50.1835,0.653396
-178.7165,2.6411,-51.3907,0.653751
-177.7779,2.5648,-52.5856,0.654106
-176.8247,2.4883,-53.7674,0.654460
-175.8568,2.4127,-54.9360,0.654815
-174.8745,2.3379,-56.0912,0.655169
-173.8775,2.2631,-57.2322,0.655523
-172.8651,2.1891,-58.3582,0.655876
-171.8375,2.1152,-59.4686,0.656229
-170.7943,2.0423,-60.5631,0.656582
-169.7356,1.9709,-61.6409,0.656935
-168.6613,1.8996,-62.7012,0.657288
-167.5713,1.8306,-63.7435,0.657640
-166.4663,1.7630,-64.7679,0.657991
-165.3465,1.6970,-65.7740,0.658343
-164.2127,1.6314,-66.7618,0.658694
-163.0650,1.5668,-67.7309,0.659045
-161.9040,1.5028,-68.6816,0.659395
-160.7007,1.4366,-69.6369,0.659754
-159.4845,1.3718,-70.5731,0.660112
-158.2564,1.3070,-71.4905,0.660470
-157.0163,1.2435,-72.3888,0.660827
-155.7646,1.1832,-73.2677,0.661184
-154.5019,1.1239,-74.1270,0.661541
-153.2284,1.0671,-74.9668,0.661897
-151.9449,1.0118,-75.7871,0.662252
-150.6516,0.9572,-76.5873,0.662607
-149.3482,0.9050,-77.3665,0.662961
-148.0351,0.8547,-78.1244,0.663315
-146.7127,0.8058,-78.8605,0.663668
-145.3815,0.7584,-79.5751,0.664021
-144.0416,0.7110,-80.2675,0.664373
-142.6933,0.6648,-80.9371,0.664724
-141.3368,0.6194,-81.5837,0.665075
-139.9394,0.5752,-82.2223,0.665433
-138.5344,0.5325,-82.8364,0.665791
-137.1223,0.4923,-83.4257,0.666148
-135.7035,0.4535,-83.9899,0.666504
-134.2785,0.4165,-84.5285,0.666859
-132.8475,0.3806,-85.0409,0.667214
-131.4110,0.3462,-85.5267,0.667568
-129.9695,0.3131,-85.9858,0.667921
-128.5236,0.2812,-86.4185,0.668273
-127.0740,0.2512,-86.8246,0.668624
-125.6212,0.2214,-87.2039,0.668974
-124.1306,0.1938,-87.5635,0.669332
-122.6374,0.1676,-87.8930,0.669688
-121.1421,0.1428,-88.1921,0.670044
-119.6456,0.1203,-88.4608,0.670399
-118.1482,0.0984,-88.6980,0.670752
-116.6509,0.0786,-88.9041,0.671105
-115.1539,0.0606,-89.0794,0.671456
-113.6556,0.0431,-89.2234,0.671808
-112.1548,0.0271,-89.3355,0.672159
-110.6503,0.0116,-89.4163,0.672510
-109.1417,-0.0021,-89.4673,0.672862
-107.6298,-0.0149,-89.4875,0.673215
-106.1149,-0.0252,-89.4768,0.673568
-104.5978,-0.0339,-89.4360,0.673922
-103.0788,-0.0403,-89.3685,0.674277
-101.5586,-0.0456,-89.2757,0.674632
-100.0377,-0.0509,-89.1572,0.674987
-98.5170,-0.0546,-89.0100,0.675344
-96.9969,-0.0602,-88.8316,0.675701
-95.4777,-0.0625,-88.6291,0.676058
-93.9604,-0.0642,-88.4041,0.676416
-92.4458,-0.0614,-88.1562,0.676774
-90.9349,-0.0559,-87.8837,0.677132
-89.4285,-0.0481,-87.5861,0.677490
-87.9264,-0.0365,-87.2669,0.677848
-86.4629,-0.0243,-86.9344,0.678198
-85.0042,-0.0097,-86.5836,0.678548
-83.5172,0.0033,-86.2002,0.678906
-82.0375,0.0213,-85.7934,0.679264
-80.5659,0.0355,-85.3615,0.679622
-79.1011,0.0550,-84.9083,0.679980
-77.6451,0.0723,-84.4297,0.680337
-76.1986,0.0912,-83.9276,0.680694
-74.7618,0.1097,-83.4011,0.681051
-73.3348,0.1262,-82.8510,0.681408
-71.9185,0.1473,-82.2775,0.681764
-70.5128,0.1706,-81.6816,0.682120
-69.1181,0.2009,-81.0653,0.682476
-67.7354,0.2333,-80.4269,0.682831
-66.3649,0.2693,-79.7680,0.683186
-65.0074,0.3036,-79.0878,0.683540
-63.6629,0.3410,-78.3875,0.683894
-62.3322,0.3780,-77.6664,0.684247
-61.0144,0.4167,-76.9263,0.684600
-59.7091,0.4567,-76.1681,0.684952
-58.4166,0.4973,-75.3921,0.685303
-57.1369,0.5388,-74.6002,0.685655
-55.8686,0.5816,-73.7933,0.686005
-54.6115,0.6254,-72.9731,0.686355
-53.3371,0.6724,-72.1217,0.686713
-52.0740,0.7191,-71.2583,0.687070
-50.8218,0.7677,-70.3831,0.687427
-49.5805,0.8133,-69.4967,0.687782
-48.3504,0.8595,-68.5995,0.688138
-47.1302,0.9040,-67.6919,0.688492
-45.9197,0.9482,-66.7742,0.688847
-44.7189,0.9919,-65.8464,0.689201
-43.5281,1.0347,-64.9083,0.689555
-42.3472,1.0778,-63.9601,0.689908
-41.1762,1.1195,-63.0018,0.690261
-40.0148,1.1623,-62.0342,0.690614
-38.8625,1.2026,-61.0576,0.690966
-37.7189,1.2422,-60.0727,0.691318
-36.5835,1.2793,-59.0795,0.691670
-35.4564,1.3150,-58.0783,0.692022
-34.3374,1.3476,-57.0689,0.692373
-33.2261,1.3801,-56.0518,0.692725
-32.1224,1.4124,-55.0273,0.693076
-31.0267,1.4448,-53.9961,0.693427
-29.9391,1.4775,-52.9587,0.693778
-28.8597,1.5078,-51.9150,0.694128
-27.7640,1.5393,-50.8414,0.694486
-26.6749,1.5666,-49.7631,0.694843
-25.5916,1.5977,-48.6812,0.695200
-24.5135,1.6262,-47.5964,0.695557
-23.4423,1.6588,-46.5080,0.695913
-22.3800,1.6906,-45.4151,0.696269
-21.3261,1.7219,-44.3191,0.696624
-20.2806,1.7543,-43.2197,0.696978
-19.2430,1.7839,-42.1190,0.697330
-18.2113,1.8124,-41.0178,0.697682
-17.1782,1.8377,-39.9238,0.698033
-16.1418,1.8685,-38.8373,0.698384
-15.0749,1.8920,-37.7361,0.698741
-14.0082,1.9258,-36.6383,0.699098
-12.9421,1.9582,-35.5410,0.699455
-11.8771,1.9907,-34.4458,0.699812
-10.8128,2.0214,-33.3517,0.700168
-9.7480,2.0498,-32.2597,0.700523
-8.6812,2.0806,-31.1700,0.700879
-7.6131,2.1044,-30.0820,0.701235
-6.5435,2.1314,-28.9991,0.701590
-5.4721,2.1599,-27.9202,0.701944
-4.3977,2.1846,-26.8460,0.702299
-3.3261,2.2183,-25.7718,0.702653
-2.2559,2.2471,-24.6952,0.703007
-1.1818,2.2721,-23.6250,0.703361
-0.0994,2.2986,-22.5636,0.703714
0.9906,2.3214,-21.5117,0.704067
2.0866,2.3436,-20.4687,0.704420
3.1890,2.3645,-19.4351,0.704773
4.2976,2.3847,-18.4112,0.705125
5.4140,2.4070,-17.3970,0.705477
6.5395,2.4264,-16.3921,0.705829
7.6757,2.4477,-15.3970,0.706181
8.8233,2.4665,-14.4136,0.706533
9.9821,2.4854,-13.4420,0.706886
11.1520,2.5038,-12.4821,0.707239
12.3321,2.5213,-11.5324,0.707592
13.5210,2.5369,-10.5915,0.707946
14.7185,2.5552,-9.6591,0.708300
15.9257,2.5729,-8.7368,0.708654
17.1421,2.5876,-7.8252,0.709009
18.3682,2.6046,-6.9240,0.709364
19.6043,2.6193,-6.0340,0.709719
20.8499,2.6343,-5.1543,0.710075
22.1032,2.6516,-4.2840,0.710430
23.3632,2.6634,-3.4225,0.710786
24.6287,2.6813,-2.5686,0.711142
25.9017,2.6932,-1.7257,0.711499
27.1809,2.7085,-0.8913,0.711855
28.4676,2.7222,-0.0662,0.712211
29.7603,2.7371,0.7492,0.712568
31.0588,2.7490,1.5542,0.712924
32.3618,2.7627,2.3500,0.713280
33.6706,2.7739,3.1364,0.713636
34.9853,2.7842,3.9143,0.713993
36.3055,2.7946,4.6831,0.714349
37.6305,2.8045,5.4426,0.714705
38.9607,2.8143,6.1934,0.715061
40.2961,2.8245,6.9355,0.715418
41.6370,2.8339,7.6689,0.715774
42.9835,2.8436,8.3937,0.716131
44.3353,2.8532,9.1101,0.716488
45.6925,2.8628,9.8178,0.716844
47.0556,2.8727,10.5172,0.717202
48.3991,2.8825,11.1957,0.717553
49.7583,2.8919,11.8715,0.717907
51.1354,2.9012,12.5453,0.718264
52.4998,2.9098,13.2024,0.718618
53.8824,2.9180,13.8576,0.718974
55.2515,2.9266,14.4960,0.719327
56.6392,2.9348,15.1323,0.719683
58.0119,2.9428,15.7513,0.720034
59.3991,2.9512,16.3661,0.720388
60.7990,2.9586,16.9760,0.720744
62.2102,2.9661,17.5799,0.721102
63.5983,2.9729,18.1633,0.721453
64.9961,2.9820,18.7402,0.721806
66.4020,2.9911,19.3095,0.722160
67.8147,3.0029,19.8714,0.722514
69.2332,3.0117,20.4249,0.722869
70.6575,3.0193,20.9702,0.723225
72.0879,3.0267,21.5073,0.723581
73.5242,3.0346,22.0359,0.723938
74.9653,3.0438,22.5553,0.724296
76.4106,3.0535,23.0649,0.724653
77.8596,3.0647,23.5633,0.725010
79.3115,3.0741,24.0496,0.725367
80.7670,3.0853,24.5241,0.725724
82.2257,3.0953,24.9862,0.726081
83.6875,3.1075,25.4352,0.726438
85.1530,3.1222,25.8713,0.726795
86.6228,3.1389,26.2951,0.727151
88.0964,3.1569,26.7062,0.727508
89.5737,3.1759,27.1049,0.727865
91.0539,3.1965,27.4911,0.728222
92.5369,3.2179,27.8648,0.728579
94.0225,3.2409,28.2259,0.728935
95.5105,3.2643,28.5747,0.729292
97.0012,3.2879,28.9111,0.729648
98.4949,3.3118,29.2354,0.730005
99.9912,3.3356,29.5476,0.730361
101.4892,3.3600,29.8481,0.730718
102.9887,3.3852,30.1367,0.731074
104.4897,3.4108,30.4136,0.731430
105.9920,3.4368,30.6789,0.731786
107.4954,3.4636,30.9333,0.732141
108.9994,3.4913,31.1786,0.732497
110.5051,3.5199,31.4150,0.732852
112.0123,3.5493,31.6423,0.733208
113.5202,3.5788,31.8602,0.733563
115.0284,3.6096,32.0685,0.733918
116.5383,3.6416,32.2673,0.734274
118.0497,3.6749,32.4569,0.734629
119.5628,3.7105,32.6374,0.734984
121.0776,3.7461,32.8104,0.735340
122.5933,3.7840,32.9770,0.735696
124.1102,3.8208,33.1379,0.736052
125.6281,3.8589,33.2921,0.736408
127.1478,3.8963,33.4401,0.736764
128.6682,3.9348,33.5806,0.737120
130.1889,3.9698,33.7137,0.737476
131.7101,4.0066,33.8353,0.737832
133.2309,4.0411,33.9469,0.738188
134.7504,4.0817,34.0475,0.738543
136.2686,4.1173,34.1408,0.738898
137.7855,4.1604,34.2245,0.739252
139.3015,4.2023,34.3009,0.739607
140.8169,4.2469,34.3692,0.739961
142.3316,4.2894,34.4329,0.740314
143.8453,4.3332,34.4919,0.740668
145.3584,4.3777,34.5471,0.741021
146.8706,4.4233,34.5982,0.741374
148.3817,4.4690,34.6457,0.741727
149.8917,4.5156,34.6890,0.742079
151.4007,4.5643,34.7285,0.742431
152.9089,4.6140,34.7657,0.742783
154.4169,4.6630,34.8018,0.743135
155.9246,4.7149,34.8360,0.743487
157.4320,4.7669,34.8688,0.743839
158.9393,4.8182,34.8994,0.744191
160.4474,4.8703,34.9272,0.744543
161.9565,4.9198,34.9542,0.744895
163.4652,4.9700,34.9796,0.745247
164.9736,5.0210,35.0036,0.745599
166.4810,5.0740,35.0261,0.745951
167.9877,5.1276,35.0482,0.746303
169.4932,5.1840,35.0691,0.746654
170.9970,5.2406,35.0894,0.747005
172.4992,5.2981,35.1088,0.747356
173.9991,5.3569,35.1277,0.747706
175.5338,5.4189,35.1494,0.748064
177.0674,5.4839,35.1725,0.748422
178.5994,5.5525,35.1947,0.748780
180.1288,5.6240,35.2165,0.749137
181.6548,5.6988,35.2382,0.749493
183.1782,5.7733,35.2602,0.749849
184.6994,5.8478,35.2827,0.750204
186.2196,5.9190,35.3076,0.750559
187.7396,5.9870,35.3348,0.750914
189.2585,6.0543,35.3635,0.751269
190.7787,6.1217,35.3940,0.751624
192.3009,6.1904,35.4252,0.751979
193.8253,6.2602,35.4560,0.752335
195.3518,6.3292,35.4867,0.752692
196.8806,6.3987,35.5173,0.753049
198.4116,6.4687,35.5472,0.753406
199.9448,6.5411,35.5770,0.753764
201.4801,6.6157,35.6062,0.754123
202.9809,6.6887,35.6350,0.754473
204.4837,6.7619,35.6655,0.754824
205.9886,6.8350,35.6983,0.755176
207.4961,6.9079,35.7323,0.755528
209.0060,6.9812,35.7677,0.755880
210.5185,7.0539,35.8048,0.756234
212.0333,7.1270,35.8437,0.756588
213.5499,7.2001,35.8841,0.756942
215.0684,7.2736,35.9262,0.757296
216.5890,7.3473,35.9700,0.757652
218.1133,7.4209,36.0152,0.758008
219.6447,7.4941,36.0619,0.758365
221.1469,7.5652,36.1083,0.758716
222.6573,7.6358,36.1558,0.759069
224.1761,7.7065,36.2046,0.759424
225.7020,7.7756,36.2548,0.759780
227.2339,7.8439,36.3063,0.760138
228.7336,7.9091,36.3575,0.760489
230.2391,7.9740,36.4100,0.760840
231.7505,8.0379,36.4632,0.761193
233.2668,8.1028,36.5175,0.761547
234.7887,8.1677,36.5727,0.761903
236.3164,8.2332,36.6289,0.762260
237.8491,8.2989,36.6857,0.762618
239.3863,8.3639,36.7423,0.762977
240.8887,8.4278,36.7973,0.763328
242.3950,8.4911,36.8522,0.763680
243.9034,8.5548,36.9067,0.764032
245.4124,8.6171,36.9600,0.764384
246.9204,8.6782,37.0120,0.764737
248.4267,8.7391,37.0633,0.765088
249.9299,8.7984,37.1147,0.765439
251.4312,8.8576,37.1674,0.765790
252.9310,8.9159,37.2217,0.766140
254.4686,8.9748,37.2787,0.766499
256.0047,9.0323,37.3364,0.766858
257.5393,9.0889,37.3946,0.767217
259.0725,9.1448,37.4536,0.767575
260.6031,9.1995,37.5134,0.767932
262.1302,9.2537,37.5739,0.768289
263.6553,9.3066,37.6349,0.768645
265.1790,9.3592,37.6965,0.769001
266.7016,9.4105,37.7584,0.769356
268.2227,9.4617,37.8210,0.769712
269.7430,9.5127,37.8842,0.770067
271.2626,9.5631,37.9484,0.770422
272.7812,9.6128,38.0153,0.770776
274.3003,9.6620,38.0854,0.771131
275.8201,9.7104,38.1588,0.771486
277.3419,9.7590,38.2342,0.771842
278.8662,9.8075,38.3100,0.772198
280.3932,9.8565,38.3864,0.772555
281.9228,9.9048,38.4637,0.772912
283.4554,9.9515,38.5422,0.773270
284.9908,9.9961,38.6222,0.773629
286.4900,10.0376,38.7017,0.773979
287.9920,10.0780,38.7826,0.774330
289.4972,10.1181,38.8649,0.774682
291.0054,10.1578,38.9485,0.775034
292.5165,10.1979,39.0327,0.775387
294.0307,10.2389,39.1166,0.775741
295.5480,10.2798,39.1998,0.776096
297.0685,10.3192,39.2829,0.776451
298.5901,10.3562,39.3646,0.776806
300.1086,10.3905,39.4442,0.777161
301.6224,10.4241,39.5226,0.777515
303.1298,10.4584,39.6004,0.777867
304.6289,10.4924,39.6780,0.778217
306.1573,10.5284,39.7577,0.778574
307.6741,10.5657,39.8373,0.778928
309.1801,10.6038,39.9151,0.779280
310.7142,10.6418,39.9930,0.779638
312.2397,10.6778,40.0699,0.779995
313.7576,10.7139,40.1463,0.780349
315.2686,10.7489,40.2220,0.780702
316.7726,10.7833,40.2967,0.781054
318.3074,10.8139,40.3723,0.781412
319.8356,10.8426,40.4468,0.781769
321.3579,10.8684,40.5204,0.782124
322.8745,10.8917,40.5928,0.782478
324.3863,10.9150,40.6650,0.782832
325.8942,10.9402,40.7368,0.783184
327.3979,10.9649,40.8095,0.783535
328.8978,10.9899,40.8826,0.783885
330.4303,11.0141,40.9580,0.784243
331.9586,11.0393,41.0326,0.784600
333.4837,11.0617,41.1070,0.784956
335.0077,11.0857,41.1805,0.785312
336.5331,11.1060,41.2535,0.785668
338.0606,11.1255,41.3258,0.786025
339.5904,11.1453,41.3978,0.786382
341.1226,11.1668,41.4705,0.786740
342.6226,11.1896,41.5417,0.787090
344.1300,11.2132,41.6132,0.787442
345.6453,11.2376,41.6852,0.787796
347.1688,11.2604,41.7575,0.788152
348.7007,11.2839,41.8292,0.788509
350.2032,11.3063,41.8988,0.788860
351.7136,11.3283,41.9686,0.789213
353.2320,11.3499,42.0389,0.789567
354.7585,11.3702,42.1099,0.789924
356.2928,11.3885,42.1813,0.790282
357.7958,11.4045,42.2510,0.790633
359.3051,11.4196,42.3213,0.790985
360.8209,11.4330,42.3919,0.791339
362.3428,11.4462,42.4629,0.791695
363.8671,11.4579,42.5334,0.792050
365.3900,11.4706,42.6031,0.792406
366.9108,11.4844,42.6728,0.792761
368.4283,11.4994,42.7425,0.793115
369.9422,11.5139,42.8121,0.793469
371.4525,11.5274,42.8814,0.793821
372.9594,11.5403,42.9506,0.794173
374.4624,11.5506,43.0203,0.794524
375.9609,11.5595,43.0893,0.794874
377.4884,11.5672,43.1599,0.795231
379.0020,11.5742,43.2300,0.795584
380.5016,11.5811,43.2995,0.795934
382.0247,11.5862,43.3707,0.796290
383.5335,11.5926,43.4411,0.796642
385.0648,11.5986,43.5130,0.797000
386.5817,11.6043,43.5845,0.797354
388.0846,11.6088,43.6546,0.797705
389.6093,11.6092,43.7250,0.798061
391.1206,11.6103,43.7952,0.798413
392.6534,11.6088,43.8682,0.798771
394.1760,11.6106,43.9401,0.799127
395.6902,11.6126,44.0109,0.799480
397.1959,11.6147,44.0811,0.799832
398.7269,11.6162,44.1527,0.800189
400.2484,11.6171,44.2229,0.800545
401.7561,11.6193,44.2909,0.800897
403.2834,11.6203,44.3585,0.801253
404.8015,11.6215,44.4260,0.801608
406.3114,11.6219,44.4940,0.801960
407.8181,11.6211,44.5635,0.802312
409.3284,11.6188,44.6345,0.802664
410.8431,11.6171,44.7056,0.803018
412.3619,11.6128,44.7784,0.803373
413.8833,11.6109,44.8522,0.803728
415.4057,11.6078,44.9276,0.804083
416.9288,11.6046,45.0028,0.804439
418.4518,11.6019,45.0777,0.804795
419.9749,11.5947,45.1538,0.805150
421.4984,11.5881,45.2295,0.805506
423.0226,11.5812,45.3055,0.805862
424.5460,11.5746,45.3819,0.806218
426.0691,11.5698,45.4579,0.806573
427.5922,11.5642,45.5343,0.806929
429.1154,11.5564,45.6114,0.807285
430.6385,11.5445,45.6891,0.807640
432.1616,11.5331,45.7661,0.807996
433.6848,11.5191,45.8437,0.808352
435.2083,11.5079,45.9200,0.808708
436.7309,11.4930,45.9969,0.809063
438.2515,11.4777,46.0730,0.809418
439.7683,11.4637,46.1486,0.809772
441.2743,11.4498,46.2236,0.810124
442.7999,11.4371,46.2992,0.810480
444.3123,11.4247,46.3737,0.810834
445.8117,11.4128,46.4470,0.811184
447.3298,11.4010,46.5201,0.811538
448.8347,11.3903,46.5911,0.811890
450.3580,11.3760,46.6633,0.812245
451.8689,11.3616,46.7345,0.812598
453.3726,11.3464,46.8059,0.812949
454.8993,11.3280,46.8823,0.813306
456.4175,11.3105,46.9603,0.813660
457.9319,11.2923,47.0380,0.814014
459.4451,11.2746,47.1159,0.814367
460.9603,11.2567,47.1938,0.814721
462.4794,11.2383,47.2725,0.815076
464.0010,11.2199,47.3513,0.815431
465.5241,11.1990,47.4305,0.815787
467.0486,11.1793,47.5097,0.816143
468.5730,11.1548,47.5904,0.816499
470.0974,11.1319,47.6706,0.816855
471.6217,11.1066,47.7514,0.817211
473.1449,11.0826,47.8319,0.817567
474.6671,11.0572,47.9140,0.817923
476.1877,11.0296,47.9975,0.818278
477.7054,11.0078,48.0796,0.818632
479.2202,10.9796,48.1642,0.818986
480.7318,10.9521,48.2482,0.819339
482.2401,10.9258,48.3305,0.819692
483.7446,10.9012,48.4118,0.820043
485.2461,10.8709,48.4946,0.820394
486.7446,10.8464,48.5745,0.820744
488.2686,10.8164,48.6565,0.821100
489.7860,10.7887,48.7363,0.821454
491.2943,10.7606,48.8146,0.821807
492.8210,10.7292,48.8934,0.822163
494.3386,10.7010,48.9705,0.822518
495.8537,10.6686,49.0491,0.822872
497.3676,10.6375,49.1260,0.823225
498.8809,10.6057,49.2028,0.823579
500.3933,10.5745,49.2777,0.823932
501.9052,10.5450,49.3500,0.824285
503.4159,10.5118,49.4204,0.824638
504.9266,10.4809,49.4856,0.824991
506.4365,10.4458,49.5478,0.825343
507.9457,10.4164,49.6016,0.825695
509.4541,10.3841,49.6488,0.826047
510.9607,10.3473,49.6852,0.826399
512.4661,10.3109,49.7075,0.826750
513.9704,10.2714,49.7151,0.827101
515.4736,10.2307,49.7085,0.827452
516.9766,10.1898,49.6888,0.827803
518.4805,10.1466,49.6565,0.828154
519.9849,10.1054,49.6083,0.828505
521.4893,10.0619,49.5429,0.828856
522.9937,10.0175,49.4571,0.829208
524.4999,9.9720,49.3509,0.829560
526.0074,9.9252,49.2243,0.829913
527.5150,9.8765,49.0782,0.830266
529.0250,9.8273,48.9119,0.830621
530.5364,9.7768,48.7253,0.830976
532.0502,9.7256,48.5186,0.831333
533.5362,9.6736,48.2968,0.831683
535.0241,9.6211,48.0556,0.832035
536.5123,9.5674,47.7955,0.832388
538.0029,9.5129,47.5163,0.832742
539.4921,9.4572,47.2186,0.833096
540.9800,9.3993,46.9020,0.833451
542.4665,9.3393,46.5661,0.833807
543.9510,9.2774,46.2119,0.834163
545.4329,9.2142,45.8392,0.834520
546.8835,9.1524,45.4559,0.834870
548.3326,9.0908,45.0561,0.835221
549.7792,9.0294,44.6397,0.835572
551.2248,8.9674,44.2056,0.835924
552.6683,8.9047,43.7542,0.836277
554.1099,8.8407,43.2849,0.836631
555.5496,8.7758,42.7978,0.836986
556.9859,8.7101,42.2921,0.837342
558.4185,8.6439,41.7676,0.837698
559.8469,8.5773,41.2234,0.838055
561.2428,8.5113,40.6706,0.838405
562.6349,8.4453,40.0985,0.838756
564.0231,8.3767,39.5070,0.839109
565.4065,8.3061,38.8956,0.839462
566.7844,8.2341,38.2651,0.839816
568.1575,8.1616,37.6164,0.840170
569.5241,8.0882,36.9498,0.840525
570.8842,8.0226,36.2645,0.840881
572.2367,7.9569,35.5604,0.841237
573.5838,7.8990,34.8407,0.841593
574.9253,7.8363,34.1039,0.841950
576.2358,7.7745,33.3692,0.842301
577.5411,7.7102,32.6198,0.842652
578.8425,7.6430,31.8586,0.843004
580.1358,7.5777,31.0781,0.843357
581.4194,7.5119,30.2766,0.843710
582.6931,7.4457,29.4546,0.844064
583.9545,7.3781,28.6087,0.844419
585.2005,7.3084,27.7352,0.844774
586.4322,7.2353,26.8359,0.845130
587.6529,7.1603,25.9157,0.845487
588.8370,7.0852,24.9936,0.845837
590.0111,7.0121,24.0530,0.846189
591.1765,6.9367,23.0958,0.846541
592.3367,6.8681,22.1266,0.846894
593.4846,6.7960,21.1392,0.847247
594.6210,6.7288,20.1341,0.847601
595.7447,6.6594,19.1112,0.847956
596.8552,6.5906,18.0703,0.848312
597.9513,6.5204,17.0104,0.848668
599.0324,6.4497,15.9318,0.849024
600.0986,6.3798,14.8349,0.849381
601.1496,6.3097,13.7197,0.849739
602.1627,6.2410,12.6108,0.850090
603.1602,6.1700,11.4846,0.850441
604.1418,6.1003,10.3414,0.850793
605.1089,6.0308,9.1830,0.851145
606.0620,5.9632,8.0099,0.851498
607.0001,5.8948,6.8222,0.851851
607.9232,5.8263,5.6202,0.852205
608.8318,5.7580,4.4046,0.852559
609.7263,5.6895,3.1760,0.852914
610.6068,5.6213,1.9349,0.853269
611.4738,5.5534,0.6821,0.853625
612.3276,5.4858,-0.5821,0.853981
613.1682,5.4185,-1.8573,0.854338
613.9953,5.3516,-3.1431,0.854695
614.8084,5.2839,-4.4385,0.855052
615.6077,5.2150,-5.7432,0.855409
616.3930,5.1454,-7.0570,0.855766
617.1645,5.0738,-8.3799,0.856124
617.9222,5.0012,-9.7120,0.856482
618.6519,4.9266,-11.0233,0.856832
619.3710,4.8501,-12.3430,0.857183
620.0799,4.7734,-13.6712,0.857535
620.7788,4.6967,-15.0077,0.857887
621.4676,4.6191,-16.3522,0.858239
622.1468,4.5407,-17.7045,0.858593
622.8164,4.4620,-19.0643,0.858947
623.4769,4.3819,-20.4316,0.859301
624.1279,4.3005,-21.8061,0.859657
624.7696,4.2156,-23.1867,0.860012
625.4015,4.1299,-24.5738,0.860368
626.0248,4.0438,-25.9668,0.860725
626.6390,3.9586,-27.3654,0.861082
627.2466,3.8724,-28.7691,0.861439
627.8431,3.7853,-30.1791,0.861797
628.4315,3.6934,-31.5941,0.862155
629.0096,3.5996,-33.0146,0.862513
629.5649,3.5064,-34.4096,0.862864
630.1082,3.4090,-35.8099,0.863215
630.6398,3.3128,-37.2165,0.863566
631.1601,3.2094,-38.6281,0.863918
631.6703,3.1130,-40.0454,0.864270
632.1728,3.0131,-41.4670,0.864622
632.6691,2.9116,-42.8929,0.864975
633.1572,2.8143,-44.3252,0.865329
633.6339,2.7130,-45.7653,0.865683
634.0999,2.6090,-47.2130,0.866039
634.5559,2.5061,-48.6681,0.866395
635.0027,2.4030,-50.1303,0.866753
635.4410,2.3032,-51.5991,0.867111
635.8618,2.2025,-53.0403,0.867462
636.2775,2.1022,-54.4868,0.867814
636.6902,2.0023,-55.9379,0.868166
637.0958,1.9010,-57.3942,0.868520
637.4916,1.8013,-58.8565,0.868874
637.8864,1.6973,-60.3211,0.869228
638.2821,1.5941,-61.7876,0.869584
638.6776,1.4882,-63.2562,0.869939
639.0735,1.3830,-64.7275,0.870295
639.4713,1.2755,-66.2009,0.870652
639.8691,1.1679,-67.6773,0.871010
640.2670,1.0607,-69.1557,0.871368
640.6665,0.9536,-70.6362,0.871726
641.0617,0.8470,-72.0835,0.872077
641.4628,0.7391,-73.5303,0.872428
641.8677,0.6276,-74.9750,0.872779
642.2844,0.5132,-76.4497,0.873137
642.7017,0.3979,-77.9207,0.873495
643.1221,0.2835,-79.3862,0.873851
643.5457,0.1673,-80.8460,0.874207
643.9749,0.0509,-82.2998,0.874561
644.4120,-0.0651,-83.7470,0.874915
644.8555,-0.1793,-85.1879,0.875268
645.2980,-0.2891,-86.6247,0.875619
645.7492,-0.3975,-88.0911,0.875978
646.2026,-0.5044,-89.5520,0.876336
646.6566,-0.6109,-91.0077,0.876692
647.1105,-0.7218,-92.4588,0.877048
647.5617,-0.8331,-93.9063,0.877402
648.0120,-0.9474,-95.3497,0.877756
648.4606,-1.0586,-96.7897,0.878108
648.9073,-1.1684,-98.2262,0.878460
649.3529,-1.2768,-99.6593,0.878811
649.8090,-1.3868,-101.1208,0.879169
650.2648,-1.4975,-102.5784,0.879526
650.7156,-1.6095,-104.0338,0.879883
651.1500,-1.7197,-105.4901,0.880238
651.5767,-1.8277,-106.9446,0.880592
651.9933,-1.9343,-108.3979,0.880946
652.3972,-2.0425,-109.8505,0.881298
652.7855,-2.1561,-111.3034,0.881650
653.1550,-2.2709,-112.7575,0.882001
653.5146,-2.3914,-114.2451,0.882359
653.8579,-2.5143,-115.7332,0.882716
654.1848,-2.6382,-117.2223,0.883073
654.4908,-2.7599,-118.7133,0.883429
654.7739,-2.8834,-120.2061,0.883785
655.0325,-3.0083,-121.7010,0.884140
655.2654,-3.1342,-123.1976,0.884494
655.4719,-3.2592,-124.6961,0.884848
655.6505,-3.3852,-126.1959,0.885202
655.8004,-3.5107,-127.6969,0.885555
655.9196,-3.6371,-129.1985,0.885907
656.0078,-3.7635,-130.7004,0.886259
656.0656,-3.8896,-132.2018,0.886611
656.0933,-4.0154,-133.7022,0.886962
656.0930,-4.1425,-135.2337,0.887321
656.0641,-4.2686,-136.7629,0.887678
656.0062,-4.3924,-138.2893,0.888036
655.9202,-4.5152,-139.8122,0.888393
655.8058,-4.6355,-141.3311,0.888749
655.6626,-4.7552,-142.8451,0.889105
655.4908,-4.8743,-144.3536,0.889460
655.2897,-4.9943,-145.8562,0.889815
655.0585,-5.1178,-147.3522,0.890169
654.7958,-5.2472,-148.8410,0.890523
654.5007,-5.3818,-150.3222,0.890876
654.1720,-5.5199,-151.7955,0.891230
653.8094,-5.6595,-153.2604,0.891583
653.4097,-5.8025,-154.7144,0.891937
652.9706,-5.9416,-156.1556,0.892290
652.4901,-6.0659,-157.5792,0.892641
651.9628,-6.1931,-159.0155,0.892999
651.4005,-6.2937,-160.4348,0.893356
650.8068,-6.3824,-161.8344,0.893711
650.1765,-6.4731,-163.2111,0.894065
649.5226,-6.5353,-164.5712,0.894417
648.8425,-6.5958,-165.9096,0.894768
648.1238,-6.6496,-167.2539,0.895123
647.3843,-6.6995,-168.5766,0.895477
646.6255,-6.7462,-169.8778,0.895828
645.8331,-6.7915,-171.1835,0.896185
645.0232,-6.8352,-172.4670,0.896539
644.1957,-6.8780,-173.7277,0.896891
643.3492,-6.9212,-174.9686,0.897241
642.4786,-6.9650,-176.1943,0.897592
641.5828,-7.0092,-177.4064,0.897944
640.6588,-7.0542,-178.6096,0.898298
639.7239,-7.0989,-179.7828,0.898648
638.7610,-7.1449,-180.9492,0.899001
637.7721,-7.1905,-182.1080,0.899356
636.7792,-7.2351,-183.2359,0.899707
635.7619,-7.2797,-184.3566,0.900060
634.7188,-7.3234,-185.4705,0.900416
633.6727,-7.3659,-186.5548,0.900767
632.6027,-7.4073,-187.6325,0.901122
631.5095,-7.4481,-188.7037,0.901479
630.4177,-7.4870,-189.7457,0.901831
629.3049,-7.5261,-190.7805,0.902185
628.1716,-7.5647,-191.8071,0.902542
627.0435,-7.6033,-192.8034,0.902893
625.8963,-7.6441,-193.7919,0.903246
624.7301,-7.6833,-194.7721,0.903602
623.5458,-7.7246,-195.7444,0.903959
622.3699,-7.7636,-196.6870,0.904311
621.1773,-7.8009,-197.6219,0.904665
619.9699,-7.8416,-198.5510,0.905020
618.7454,-7.8797,-199.4713,0.905377
617.5327,-7.9184,-200.3623,0.905728
616.3055,-7.9586,-201.2458,0.906081
615.0642,-7.9973,-202.1218,0.906436
613.8088,-8.0409,-202.9908,0.906792
612.5392,-8.0826,-203.8512,0.907150
611.2859,-8.1221,-204.6836,0.907501
610.0207,-8.1618,-205.5087,0.907853
608.7428,-8.1982,-206.3237,0.908207
607.4529,-8.2339,-207.1284,0.908561
606.1534,-8.2695,-207.9259,0.908917
604.8436,-8.2990,-208.7144,0.909274
603.5241,-8.3306,-209.4956,0.909631
602.2250,-8.3551,-210.2510,0.909982
600.9133,-8.3809,-210.9947,0.910334
599.5892,-8.4047,-211.7268,0.910686
598.2529,-8.4280,-212.4471,0.911041
596.9046,-8.4552,-213.1552,0.911396
595.5447,-8.4814,-213.8518,0.911752
594.1733,-8.5088,-214.5369,0.912110
592.8249,-8.5360,-215.1942,0.912460
591.4665,-8.5618,-215.8420,0.912811
590.0978,-8.5894,-216.4793,0.913163
588.7190,-8.6137,-217.1050,0.913516
587.3292,-8.6400,-217.7146,0.913870
585.9294,-8.6625,-218.3094,0.914225
584.5233,-8.6923,-218.8987,0.914580
583.1110,-8.7161,-219.4802,0.914937
581.6934,-8.7445,-220.0554,0.915294
580.2711,-8.7706,-220.6244,0.915651
578.8433,-8.7981,-221.1869,0.916009
577.4099,-8.8263,-221.7438,0.916368
576.0073,-8.8549,-222.2813,0.916718
574.5996,-8.8841,-222.8141,0.917069
573.1864,-8.9106,-223.3423,0.917421
571.7675,-8.9360,-223.8669,0.917774
570.3422,-8.9610,-224.3873,0.918128
568.9102,-8.9856,-224.9016,0.918483
567.4691,-9.0075,-225.4033,0.918838
566.0214,-9.0314,-225.8991,0.919195
564.5671,-9.0539,-226.3885,0.919553
563.1067,-9.0775,-226.8720,0.919912
561.6779,-9.0995,-227.3377,0.920263
560.2436,-9.1241,-227.7999,0.920614
558.8041,-9.1493,-228.2583,0.920967
557.3594,-9.1749,-228.7135,0.921320
555.9098,-9.2003,-229.1659,0.921674
554.4558,-9.2248,-229.6150,0.922029
552.9985,-9.2497,-230.0602,0.922384
551.5373,-9.2740,-230.5012,0.922740
550.0724,-9.2970,-230.9383,0.923097
548.6035,-9.3190,-231.3719,0.923454
547.1315,-9.3395,-231.8024,0.923812
545.6559,-9.3611,-232.2301,0.924170
544.1774,-9.3819,-232.6553,0.924529
542.6966,-9.4036,-233.0782,0.924888
541.2529,-9.4250,-233.4874,0.925238
539.8073,-9.4473,-233.8946,0.925589
538.3597,-9.4694,-234.2999,0.925939
536.9108,-9.4912,-234.7047,0.926290
535.4604,-9.5128,-235.1094,0.926641
534.0083,-9.5344,-235.5141,0.926993
532.5549,-9.5559,-235.9185,0.927345
531.0990,-9.5780,-236.3241,0.927697
529.6403,-9.5999,-236.7313,0.928051
528.1786,-9.6224,-237.1398,0.928405
526.7142,-9.6456,-237.5493,0.928759
525.2474,-9.6693,-237.9585,0.929114
523.7781,-9.6926,-238.3682,0.929470
522.3080,-9.7155,-238.7787,0.929826
520.8365,-9.7384,-239.1896,0.930183
519.3641,-9.7610,-239.6014,0.930539
517.8914,-9.7843,-240.0135,0.930896
516.4168,-9.8066,-240.4265,0.931253
514.9421,-9.8292,-240.8400,0.931610
513.4659,-9.8517,-241.2543,0.931968
511.9881,-9.8745,-241.6698,0.932326
510.5082,-9.8979,-242.0862,0.932685
509.0276,-9.9213,-242.5035,0.933043
507.5455,-9.9450,-242.9216,0.933403
506.0621,-9.9688,-243.3408,0.933762
504.6177,-9.9921,-243.7494,0.934112
503.1719,-10.0152,-244.1590,0.934463
501.7252,-10.0378,-244.5696,0.934813
500.2783,-10.0600,-244.9826,0.935164
498.8314,-10.0815,-245.3975,0.935516
497.3837,-10.1028,-245.8141,0.935867
495.9364,-10.1228,-246.2310,0.936218
494.4894,-10.1433,-246.6483,0.936569
493.0425,-10.1636,-247.0658,0.936921
491.5950,-10.1854,-247.4825,0.937272
490.1462,-10.2071,-247.8974,0.937624
488.6973,-10.2290,-248.3097,0.937975
487.2484,-10.2517,-248.7194,0.938326
485.7983,-10.2745,-249.1270,0.938677
484.3479,-10.2983,-249.5325,0.939029
482.8974,-10.3215,-249.9357,0.939380
481.4461,-10.3445,-250.3373,0.939731
479.9944,-10.3677,-250.7383,0.940082
478.5420,-10.3900,-251.1392,0.940434
477.0896,-10.4123,-251.5403,0.940785
475.6360,-10.4331,-251.9424,0.941137
474.1811,-10.4549,-252.3454,0.941489
472.7247,-10.4757,-252.7486,0.941842
471.2672,-10.4973,-253.1518,0.942194
469.8084,-10.5184,-253.5547,0.942547
468.3492,-10.5401,-253.9579,0.942900
466.8891,-10.5621,-254.3617,0.943254
465.4286,-10.5850,-254.7665,0.943607
463.9669,-10.6081,-255.1726,0.943961
462.5038,-10.6311,-255.5795,0.944315
461.0406,-10.6528,-255.9861,0.944670
459.5779,-10.6740,-256.3924,0.945024
458.1156,-10.6944,-256.7978,0.945378
456.6533,-10.7155,-257.2021,0.945731
455.1902,-10.7366,-257.6064,0.946085
453.7269,-10.7585,-258.0110,0.946440
452.2629,-10.7808,-258.4163,0.946794
450.7984,-10.8030,-258.8217,0.947148
449.3340,-10.8255,-259.2271,0.947503
447.8694,-10.8475,-259.6324,0.947857
446.4047,-10.8693,-260.0381,0.948212
444.9403,-10.8913,-260.4442,0.948566
443.4770,-10.9131,-260.8502,0.948920
442.0135,-10.9347,-261.2561,0.949275
440.5492,-10.9563,-261.6625,0.949629
439.0847,-10.9775,-262.0693,0.949984
437.6202,-10.9990,-262.4776,0.950338
436.1556,-11.0204,-262.8872,0.950693
434.6909,-11.0416,-263.2980,0.951048
433.2274,-11.0635,-263.7097,0.951402
431.7654,-11.0855,-264.1217,0.951757
430.3048,-11.1078,-264.5340,0.952111
428.8454,-11.1302,-264.9468,0.952464
427.3874,-11.1522,-265.3599,0.952818
425.9310,-11.1751,-265.7738,0.953171
424.4757,-11.1981,-266.1880,0.953524
423.0219,-11.2207,-266.6027,0.953877
421.5692,-11.2431,-267.0179,0.954229
420.1169,-11.2649,-267.4343,0.954581
418.6654,-11.2863,-267.8514,0.954934
417.2141,-11.3079,-268.2689,0.955286
415.7631,-11.3293,-268.6863,0.955638
414.3128,-11.3510,-269.1045,0.955990
412.8626,-11.3731,-269.5230,0.956342
411.4135,-11.3955,-269.9430,0.956694
409.9650,-11.4175,-270.3641,0.957046
408.5170,-11.4390,-270.7865,0.957398
407.0690,-11.4598,-271.2104,0.957750
405.6205,-11.4804,-271.6359,0.958102
404.1715,-11.5003,-272.0626,0.958454
402.7228,-11.5198,-272.4901,0.958806
401.2754,-11.5389,-272.9183,0.959158
399.8295,-11.5572,-273.3468,0.959510
398.3851,-11.5759,-273.7753,0.959861
396.9419,-11.5941,-274.2036,0.960213
395.5000,-11.6124,-274.6310,0.960563
394.0592,-11.6302,-275.0571,0.960914
392.6193,-11.6479,-275.4818,0.961264
391.1404,-11.6654,-275.9167,0.961623
389.6628,-11.6821,-276.3504,0.961983
388.1866,-11.6981,-276.7840,0.962341
386.7119,-11.7125,-277.2170,0.962700
385.2389,-11.7255,-277.6493,0.963058
383.7673,-11.7363,-278.0808,0.963416
382.2976,-11.7457,-278.5121,0.963773
380.8295,-11.7545,-278.9423,0.964130
379.3631,-11.7632,-279.3719,0.964486
377.8985,-11.7720,-279.8010,0.964842
376.4356,-11.7806,-280.2292,0.965197
374.9745,-11.7886,-280.6568,0.965553
373.5151,-11.7960,-281.0832,0.965907
372.0570,-11.8034,-281.5081,0.966261
370.6007,-11.8108,-281.9321,0.966615
369.1459,-11.8180,-282.3549,0.966968
367.6927,-11.8256,-282.7762,0.967321
366.2409,-11.8318,-283.1962,0.967674
364.7907,-11.8377,-283.6151,0.968026
363.3424,-11.8423,-284.0334,0.968377
361.8958,-11.8456,-284.4511,0.968729
360.4510,-11.8484,-284.8678,0.969079
359.0083,-11.8507,-285.2841,0.969429
357.5284,-11.8534,-285.7109,0.969789
356.0505,-11.8552,-286.1373,0.970147
354.5748,-11.8563,-286.5627,0.970506
353.1010,-11.8559,-286.9871,0.970863
351.6293,-11.8551,-287.4114,0.971220
350.1597,-11.8541,-287.8347,0.971577
348.6922,-11.8538,-288.2575,0.971933
347.2267,-11.8536,-288.6796,0.972289
345.7632,-11.8548,-289.1012,0.972644
344.3015,-11.8559,-289.5222,0.972999
342.8398,-11.8579,-289.9431,0.973354
341.3772,-11.8589,-290.3641,0.973709
339.9135,-11.8603,-290.7850,0.974064
338.4499,-11.8615,-291.2060,0.974419
336.9878,-11.8636,-291.6261,0.974774
335.5274,-11.8655,-292.0459,0.975128
334.0689,-11.8667,-292.4655,0.975482
332.6124,-11.8673,-292.8849,0.975836
331.1577,-11.8675,-293.3041,0.976189
329.7051,-11.8675,-293.7232,0.976541
328.2547,-11.8670,-294.1423,0.976893
326.8061,-11.8673,-294.5615,0.977245
325.3594,-11.8670,-294.9802,0.977596
323.9145,-11.8684,-295.3984,0.977947
322.4713,-11.8689,-295.8159,0.978298
321.0300,-11.8696,-296.2334,0.978648
319.5525,-11.8700,-296.6618,0.979006
318.0769,-11.8696,-297.0891,0.979365
316.6029,-11.8688,-297.5163,0.979722
315.1310,-11.8682,-297.9424,0.980080
313.6606,-11.8679,-298.3685,0.980437
312.1921,-11.8689,-298.7935,0.980793
310.7252,-11.8705,-299.2183,0.981150
309.2597,-11.8730,-299.6421,0.981505
307.7957,-11.8757,-300.0655,0.981861
306.3333,-11.8790,-300.4880,0.982216
304.8724,-11.8816,-300.9106,0.982570
303.4128,-11.8832,-301.3321,0.982925
301.9549,-11.8837,-301.7534,0.983279
300.4984,-11.8840,-302.1739,0.983632
299.0435,-11.8846,-302.5941,0.983985
297.5903,-11.8848,-303.0142,0.984338
296.1387,-11.8844,-303.4335,0.984691
294.6887,-11.8824,-303.8524,0.985043
293.2403,-11.8801,-304.2710,0.985394
291.7935,-11.8776,-304.6888,0.985745
290.3483,-11.8759,-305.1061,0.986096
288.9045,-11.8743,-305.5227,0.986447
287.4608,-11.8726,-305.9394,0.986797
286.0172,-11.8713,-306.3565,0.987148
284.5733,-11.8705,-306.7741,0.987498
283.1281,-11.8706,-307.1919,0.987849
281.6821,-11.8715,-307.6096,0.988200
280.2368,-11.8740,-308.0274,0.988551
278.7919,-11.8766,-308.4452,0.988902
277.3470,-11.8803,-308.8629,0.989253
275.9021,-11.8826,-309.2807,0.989603
274.4577,-11.8840,-309.6982,0.989954
273.0140,-11.8839,-310.1153,0.990304
271.5703,-11.8833,-310.5324,0.990655
270.1276,-11.8824,-310.9490,0.991005
268.6851,-11.8815,-311.3658,0.991355
267.2769,-11.8806,-311.7735,0.991697
265.8692,-11.8795,-312.1800,0.992039
264.4594,-11.8784,-312.5882,0.992381
263.0468,-11.8774,-312.9972,0.992724
261.6317,-11.8766,-313.4057,0.993068
260.2162,-11.8761,-313.8153,0.993411
258.8002,-11.8758,-314.2248,0.993755
257.3842,-11.8758,-314.6342,0.994099
255.9682,-11.8760,-315.0434,0.994443
254.5517,-11.8762,-315.4513,0.994786
253.1363,-11.8764,-315.8597,0.995130
251.7215,-11.8765,-316.2677,0.995473
250.3068,-11.8764,-316.6741,0.995817
248.8939,-11.8760,-317.0808,0.996160
247.4823,-11.8753,-317.4866,0.996502
246.0708,-11.8742,-317.8906,0.996845
244.6591,-11.8727,-318.2936,0.997187
243.2458,-11.8708,-318.6972,0.997530
241.8271,-11.8686,-319.1011,0.997874
240.3980,-11.8660,-319.5054,0.998220
238.9556,-11.8633,-319.9119,0.998570
237.4980,-11.8604,-320.3221,0.998923
236.0250,-11.8574,-320.7355,0.999280
234.5395,-11.8542,-321.1501,0.999639
